,date,open,close,high,low,code
0,2010-02-12,22.422,20.782,22.422,20.346,000776
1,2010-02-22,21.093,22.862,22.862,20.52,000776
2,2010-02-23,22.422,21.915,22.547,21.542,000776
3,2010-02-24,21.691,22.297,22.754,21.637,000776
4,2010-02-25,22.318,23.269,24.033,22.057,000776
5,2010-02-26,22.929,22.538,23.09,22.376,000776
6,2010-03-02,22.713,21.965,22.837,21.841,000776
7,2010-03-03,21.866,22.032,22.331,21.583,000776
8,2010-03-04,21.928,21.55,21.928,21.193,000776
9,2010-03-05,21.592,21.882,22.451,21.592,000776
10,2010-03-08,21.965,21.592,21.978,21.45,000776
11,2010-03-09,21.529,21.529,21.758,21.218,000776
12,2010-03-10,21.6,21.654,22.38,21.529,000776
13,2010-03-11,21.695,23.082,23.792,21.612,000776
14,2010-03-12,22.837,22.297,23.223,22.277,000776
15,2010-03-15,22.173,22.962,23.165,21.695,000776
16,2010-03-16,22.754,24.241,24.573,22.725,000776
17,2010-03-18,24.369,24.419,25.104,23.668,000776
18,2010-03-19,24.166,24.465,24.635,23.875,000776
19,2010-03-22,24.498,23.896,24.573,23.796,000776
20,2010-03-23,23.83,23.755,24.199,23.356,000776
21,2010-03-24,23.917,23.539,24.162,23.485,000776
22,2010-03-25,23.497,22.725,23.497,22.63,000776
23,2010-03-26,22.754,23.153,23.452,22.463,000776
24,2010-03-29,23.315,23.622,24.045,23.165,000776
25,2010-03-30,23.622,23.381,23.626,23.074,000776
26,2010-03-31,23.543,23.066,23.709,22.991,000776
27,2010-04-01,23.041,23.377,23.585,23.041,000776
28,2010-04-02,23.356,23.203,23.497,23.128,000776
29,2010-04-06,23.136,23.161,23.551,23.057,000776
30,2010-04-07,23.211,22.65,23.252,22.488,000776
31,2010-04-08,22.825,22.268,22.829,22.214,000776
32,2010-04-09,22.372,22.414,22.567,22.256,000776
33,2010-04-12,22.476,21.924,22.551,21.799,000776
34,2010-04-13,22.027,22.912,23.169,21.932,000776
35,2010-04-14,22.999,22.63,23.041,22.339,000776
36,2010-04-15,22.634,22.588,22.962,22.401,000776
37,2010-04-16,22.463,21.974,22.522,21.803,000776
38,2010-04-19,21.592,20.67,21.72,20.632,000776
39,2010-04-20,20.637,20.122,20.881,19.902,000776
40,2010-04-21,20.159,20.383,20.462,20.055,000776
41,2010-04-22,20.259,19.839,20.259,19.432,000776
42,2010-04-23,19.781,19.495,20.014,19.453,000776
43,2010-04-26,19.561,19.096,19.835,19.05,000776
44,2010-04-27,19.092,19.183,19.511,18.216,000776
45,2010-04-28,18.677,19.312,19.677,18.407,000776
46,2010-04-29,19.437,19.096,19.723,18.843,000776
47,2010-04-30,19.05,19.536,19.636,18.868,000776
48,2010-05-04,19.092,18.81,19.37,18.419,000776
49,2010-05-05,18.274,18.897,19.171,18.274,000776
50,2010-05-06,18.926,18.095,19.096,18.062,000776
51,2010-05-07,17.443,16.712,17.625,16.712,000776
52,2010-05-10,16.625,16.529,16.864,15.889,000776
53,2010-05-11,16.973,15.188,17.016,15.11,000776
54,2010-05-12,14.797,14.966,15.493,14.666,000776
55,2010-05-13,14.927,15.193,15.302,14.723,000776
56,2010-05-14,15.001,14.845,15.093,14.662,000776
57,2010-05-17,14.514,13.443,14.54,13.439,000776
58,2010-05-18,13.404,13.844,14.1,13.274,000776
59,2010-05-19,13.709,13.696,14.039,13.404,000776
60,2010-05-20,13.491,13.874,14.309,13.408,000776
61,2010-05-24,14.17,15.262,15.262,14.092,000776
62,2010-05-25,15.397,15.637,15.75,15.154,000776
63,2010-05-26,15.493,15.393,15.754,15.167,000776
64,2010-05-27,15.28,15.463,15.528,14.744,000776
65,2010-05-28,15.711,15.132,15.741,15.075,000776
66,2010-05-31,14.797,14.335,15.032,14.279,000776
67,2010-06-01,14.005,14.37,14.666,14.005,000776
68,2010-06-02,14.209,15.284,15.376,14.166,000776
69,2010-06-03,15.114,14.731,15.323,14.675,000776
70,2010-06-04,14.536,15.354,15.776,14.527,000776
71,2010-06-07,14.849,14.919,15.101,14.579,000776
72,2010-06-08,14.936,15.106,15.441,14.823,000776
73,2010-06-09,15.228,15.832,16.024,14.801,000776
74,2010-06-10,15.537,15.441,15.711,15.319,000776
75,2010-06-11,15.658,15.319,15.667,15.319,000776
76,2010-06-17,15.406,14.958,15.476,14.932,000776
77,2010-06-18,14.888,14.327,15.141,14.274,000776
78,2010-06-21,14.353,15.18,15.354,14.253,000776
79,2010-06-22,15.032,15.114,15.302,14.993,000776
80,2010-06-23,14.993,15.45,15.667,14.971,000776
81,2010-06-24,15.362,15.293,15.523,15.145,000776
82,2010-06-25,15.101,14.906,15.184,14.797,000776
83,2010-06-28,14.914,14.849,14.993,14.701,000776
84,2010-06-29,14.762,14.013,15.175,14.013,000776
85,2010-06-30,13.861,13.404,13.922,13.186,000776
86,2010-07-01,13.404,13.052,13.665,13.012,000776
87,2010-07-02,13.117,13.06,13.404,12.686,000776
88,2010-07-05,12.843,12.699,12.969,12.481,000776
89,2010-07-06,12.664,12.947,13.012,12.647,000776
90,2010-07-07,12.951,13.291,13.482,12.73,000776
91,2010-07-08,13.26,13.008,13.491,12.93,000776
92,2010-07-09,12.965,13.326,13.482,12.403,000776
93,2010-07-12,13.247,13.4,13.482,13.06,000776
94,2010-07-13,13.169,12.991,13.252,12.947,000776
95,2010-07-14,13.121,13.13,13.343,13.056,000776
96,2010-07-15,13.004,12.577,13.208,12.547,000776
97,2010-07-16,12.32,12.334,12.529,12.09,000776
98,2010-07-19,12.142,12.699,12.895,12.103,000776
99,2010-07-20,12.738,13.448,13.491,12.647,000776
100,2010-07-21,13.426,13.213,13.478,13.186,000776
101,2010-07-22,13.186,13.535,13.6,13.143,000776
102,2010-07-23,13.535,14.026,14.274,13.456,000776
103,2010-07-26,13.974,13.865,14.253,13.709,000776
104,2010-07-27,13.861,13.926,14.231,13.765,000776
105,2010-07-28,13.852,14.353,14.479,13.687,000776
106,2010-08-03,14.71,14.475,15.214,14.475,000776
107,2010-08-04,14.309,14.314,14.457,14.005,000776
108,2010-08-05,14.196,14.031,14.318,13.926,000776
109,2010-08-06,13.952,14.57,14.575,13.931,000776
110,2010-08-09,14.623,14.457,14.731,14.344,000776
111,2010-08-10,14.505,13.6,14.527,13.583,000776
112,2010-08-11,13.609,13.63,13.787,13.456,000776
113,2010-08-12,13.321,13.178,13.578,13.165,000776
114,2010-08-13,13.226,13.3,13.317,13.039,000776
115,2010-08-16,13.247,13.8,13.905,13.173,000776
116,2010-08-17,13.752,13.852,14.048,13.709,000776
117,2010-08-18,13.896,13.831,14.14,13.796,000776
118,2010-08-19,13.831,14.031,14.166,13.752,000776
119,2010-08-20,13.926,13.356,13.926,13.278,000776
120,2010-08-23,13.339,13.269,13.456,13.099,000776
121,2010-08-24,13.186,13.361,13.513,13.056,000776
122,2010-08-25,13.274,12.934,13.33,12.934,000776
123,2010-08-26,13.012,13.034,13.143,12.882,000776
124,2010-08-27,12.995,13.025,13.274,12.895,000776
125,2010-08-30,13.104,13.387,13.578,13.056,000776
126,2010-08-31,13.313,13.143,13.313,13.012,000776
127,2010-09-02,13.308,13.226,13.365,13.06,000776
128,2010-09-03,13.234,12.921,13.3,12.86,000776
129,2010-09-06,12.978,14.214,14.214,12.925,000776
130,2010-09-07,14.248,14.039,14.261,13.826,000776
131,2010-09-08,13.926,13.952,14.013,13.687,000776
132,2010-09-09,13.961,14.109,14.549,13.883,000776
133,2010-09-10,14.079,13.926,14.209,13.626,000776
134,2010-09-13,13.918,14.309,14.492,13.761,000776
135,2010-09-14,14.357,14.418,14.74,14.187,000776
136,2010-09-15,14.357,13.983,14.357,13.931,000776
137,2010-09-16,13.939,14.583,15.141,13.931,000776
138,2010-09-17,14.274,14.079,14.618,14.048,000776
139,2010-09-20,14.057,13.648,14.096,13.596,000776
140,2010-09-21,13.796,13.652,13.9,13.622,000776
141,2010-09-27,13.752,13.73,13.778,13.317,000776
142,2010-09-28,13.691,13.317,13.691,13.282,000776
143,2010-09-29,13.274,13.282,13.643,13.147,000776
144,2010-09-30,13.186,13.587,13.717,13.069,000776
145,2010-10-08,13.752,14.771,14.945,13.717,000776
146,2010-10-11,14.797,16.246,16.246,14.671,000776
147,2010-10-12,16.842,17.417,17.8,16.494,000776
148,2010-10-13,17.417,17.625,17.782,17.06,000776
149,2010-10-14,17.926,19.388,19.388,17.921,000776
150,2010-10-15,19.545,20.846,21.272,18.848,000776
151,2010-10-18,20.759,21.094,22.669,20.023,000776
152,2010-10-19,21.05,21.037,21.281,19.823,000776
153,2010-10-20,20.406,23.139,23.139,20.041,000776
154,2010-10-21,23.065,23.918,24.362,22.852,000776
155,2010-10-22,23.544,23.061,23.631,22.739,000776
156,2010-10-25,22.652,25.368,25.368,22.186,000776
157,2010-10-26,25.024,24.824,26.208,24.719,000776
158,2010-10-27,24.232,23.788,25.781,23.757,000776
159,2010-10-28,23.501,24.371,24.589,23.2,000776
160,2010-10-29,23.936,23.031,24.271,22.896,000776
161,2010-11-01,23.022,23.914,24.771,22.917,000776
162,2010-11-02,24.153,24.502,25.72,23.457,000776
163,2010-11-03,24.24,24.828,26.025,23.283,000776
164,2010-11-04,24.806,25.394,25.394,23.84,000776
165,2010-11-05,26.373,26.029,27.483,25.894,000776
166,2010-11-08,25.798,26.112,26.547,25.459,000776
167,2010-11-09,25.981,25.346,26.416,24.98,000776
168,2010-11-10,24.972,25.324,25.664,24.68,000776
169,2010-11-11,25.328,25.372,26.66,24.972,000776
170,2010-11-12,24.889,22.839,25.176,22.835,000776
171,2010-11-15,23.161,22.191,23.161,21.93,000776
172,2010-11-16,22.326,20.837,23.009,20.759,000776
173,2010-11-17,20.454,20.65,21.281,20.332,000776
174,2010-11-18,21.138,20.868,21.164,20.367,000776
175,2010-11-19,20.998,21.52,21.56,19.923,000776
176,2010-11-22,21.042,20.942,21.346,20.802,000776
177,2010-11-23,20.541,20.093,20.798,19.597,000776
178,2010-11-24,20.106,21.133,21.612,20.106,000776
179,2010-11-25,21.198,21.433,21.59,20.702,000776
180,2010-11-26,21.238,21.011,21.412,20.672,000776
181,2010-11-29,20.676,20.389,20.876,20.028,000776
182,2010-11-30,20.498,19.627,20.668,18.879,000776
183,2010-12-01,19.445,19.601,19.932,19.392,000776
184,2010-12-02,20.15,19.841,20.441,19.806,000776
185,2010-12-03,19.584,19.819,19.976,19.445,000776
186,2010-12-06,20.019,21.799,21.799,19.671,000776
187,2010-12-07,21.76,22.756,23.736,21.325,000776
188,2010-12-08,22.339,22.848,23.361,22.078,000776
189,2010-12-09,22.456,22.299,23.831,22.199,000776
190,2010-12-10,21.934,22.896,23.762,21.416,000776
191,2010-12-13,23.005,23.801,23.988,22.63,000776
192,2010-12-14,23.892,23.518,23.931,23.222,000776
193,2010-12-15,23.361,23.444,24.362,22.935,000776
194,2010-12-16,23.157,22.761,23.557,22.709,000776
195,2010-12-17,22.63,22.622,23.24,22.478,000776
196,2010-12-20,22.678,21.725,22.935,20.681,000776
197,2010-12-21,21.729,23.422,23.631,21.338,000776
198,2010-12-22,23.192,22.622,23.496,22.543,000776
199,2010-12-23,22.413,22.696,23.496,22.199,000776
200,2010-12-24,22.326,22.739,23.283,22.108,000776
201,2010-12-27,23.065,23.131,24.937,22.761,000776
202,2010-12-28,22.387,22.273,22.804,21.69,000776
203,2010-12-29,22.195,21.769,22.447,21.455,000776
204,2010-12-30,21.803,21.977,22.578,21.346,000776
205,2010-12-31,22.091,23.126,23.283,21.925,000776
206,2011-01-04,23.283,23.784,24.393,22.9,000776
207,2011-01-05,23.414,23.261,23.927,23.018,000776
208,2011-01-06,23.327,23.274,24.014,23.152,000776
209,2011-01-07,23.065,23.392,24.371,22.761,000776
210,2011-01-10,22.978,22.199,23.24,22.064,000776
211,2011-01-11,22.143,22.313,22.508,21.721,000776
212,2011-01-12,22.413,22.269,22.696,21.773,000776
213,2011-01-13,22.434,21.799,22.561,21.742,000776
214,2011-01-14,21.499,20.467,21.708,20.424,000776
215,2011-01-17,20.389,19.044,20.454,18.97,000776
216,2011-01-18,19.018,19.479,19.997,18.761,000776
217,2011-01-19,19.284,19.967,19.976,19.175,000776
218,2011-01-20,19.928,19.009,19.928,18.953,000776
219,2011-01-21,18.966,19.514,20.228,18.931,000776
220,2011-01-24,19.236,18.718,19.558,18.718,000776
221,2011-01-25,18.626,18.148,18.666,18.026,000776
222,2011-01-26,18.322,18.496,18.77,18.148,000776
223,2011-01-27,18.278,19.575,19.906,17.934,000776
224,2011-01-28,19.388,19.379,19.714,19.153,000776
225,2011-01-31,19.192,19.388,19.714,19.036,000776
226,2011-02-01,19.384,19.801,19.845,19.323,000776
227,2011-02-09,19.492,18.883,19.867,18.801,000776
228,2011-02-10,18.687,19.236,19.358,18.383,000776
229,2011-02-11,19.149,19.34,19.662,18.979,000776
230,2011-02-14,19.062,21.272,21.272,18.757,000776
231,2011-02-15,21.542,21.303,22.186,21.238,000776
232,2011-02-16,21.194,21.216,21.364,20.707,000776
233,2011-02-17,21.682,20.637,21.682,20.393,000776
234,2011-02-18,20.315,20.345,21.194,20.019,000776
235,2011-02-21,19.801,20.628,20.868,19.771,000776
236,2011-02-22,20.506,19.54,20.541,19.497,000776
237,2011-02-23,19.41,19.497,19.714,19.253,000776
238,2011-02-24,19.279,20.211,20.846,19.105,000776
239,2011-02-25,19.867,19.706,20.184,19.519,000776
240,2011-02-28,19.545,19.392,19.584,18.879,000776
241,2011-03-01,19.149,19.149,19.693,19.105,000776
242,2011-03-02,19.062,18.796,19.127,18.583,000776
243,2011-03-03,18.792,19.018,19.358,18.718,000776
244,2011-03-04,19.066,19.223,19.314,18.735,000776
245,2011-03-07,19.323,20.171,20.446,19.192,000776
246,2011-03-08,20.15,19.893,20.237,19.714,000776
247,2011-03-09,20.002,19.884,20.363,19.819,000776
248,2011-03-10,19.801,19.114,19.801,19.075,000776
249,2011-03-11,18.975,18.983,19.266,18.879,000776
250,2011-03-14,18.844,18.761,19.062,18.626,000776
251,2011-03-15,18.713,18.052,18.713,17.669,000776
252,2011-03-16,18.026,18.317,18.452,18.026,000776
253,2011-03-17,18.104,17.669,18.104,17.625,000776
254,2011-03-18,17.93,18.296,18.365,17.93,000776
255,2011-03-21,18.226,17.826,18.257,17.756,000776
256,2011-03-22,17.93,17.908,18.039,17.669,000776
257,2011-03-23,17.943,18.217,18.409,17.808,000776
258,2011-03-24,18.191,17.904,18.191,17.847,000776
259,2011-03-25,17.921,18.0,18.178,17.843,000776
260,2011-03-28,18.061,18.035,18.252,17.978,000776
261,2011-03-29,18.104,17.451,18.178,17.447,000776
262,2011-03-30,17.408,16.738,17.473,16.72,000776
263,2011-03-31,16.764,16.768,17.06,16.503,000776
264,2011-04-01,16.812,16.855,16.89,16.581,000776
265,2011-04-06,16.799,17.608,18.061,16.764,000776
266,2011-04-07,17.473,17.147,17.473,17.06,000776
267,2011-04-08,17.212,17.43,17.491,17.147,000776
268,2011-04-11,17.538,17.138,17.708,17.129,000776
269,2011-04-12,16.977,17.008,17.142,16.803,000776
270,2011-04-13,17.008,17.595,17.66,16.96,000776
271,2011-04-14,17.595,17.29,17.599,17.169,000776
272,2011-04-15,17.29,17.338,17.56,17.19,000776
273,2011-04-18,17.299,17.038,17.338,16.907,000776
274,2011-04-19,16.907,16.503,16.907,16.494,000776
275,2011-04-20,16.537,16.533,16.703,16.446,000776
276,2011-04-21,16.559,16.846,17.234,16.437,000776
277,2011-04-22,16.786,16.638,16.833,16.585,000776
278,2011-04-25,16.542,16.302,16.625,16.268,000776
279,2011-04-26,16.302,16.133,16.529,16.107,000776
280,2011-04-28,16.102,15.232,16.255,15.18,000776
281,2011-04-29,15.236,15.319,15.354,15.149,000776
282,2011-05-03,15.319,15.18,15.319,14.919,000776
283,2011-05-04,15.106,14.492,15.106,14.414,000776
284,2011-05-05,14.536,14.527,14.688,14.449,000776
285,2011-05-06,14.449,14.57,14.753,14.144,000776
286,2011-05-09,14.583,14.718,15.014,14.583,000776
287,2011-05-10,14.718,14.871,14.979,14.583,000776
288,2011-05-11,14.871,14.714,14.993,14.614,000776
289,2011-05-12,14.54,14.261,14.744,14.231,000776
290,2011-05-13,14.322,14.801,15.071,14.274,000776
291,2011-05-17,14.592,14.718,15.093,14.144,000776
292,2011-05-18,14.579,14.64,14.749,14.362,000776
293,2011-05-19,14.71,14.518,14.792,14.449,000776
294,2011-05-20,14.492,14.575,14.818,14.435,000776
295,2011-05-23,14.562,13.861,14.562,13.839,000776
296,2011-05-24,13.839,13.63,13.883,13.461,000776
297,2011-05-25,13.665,13.713,13.752,13.491,000776
298,2011-05-26,13.831,14.418,15.084,13.722,000776
299,2011-05-27,14.131,14.314,14.723,14.1,000776
300,2011-05-30,14.148,14.144,14.679,13.926,000776
301,2011-05-31,14.205,14.993,14.993,14.183,000776
302,2011-06-01,14.927,14.866,14.958,14.666,000776
303,2011-06-02,14.605,14.623,14.701,14.214,000776
304,2011-06-03,14.623,14.779,15.006,14.54,000776
305,2011-06-07,14.579,14.827,14.862,14.501,000776
306,2011-06-08,14.762,14.666,14.788,14.309,000776
307,2011-06-09,14.54,14.148,14.618,14.144,000776
308,2011-06-10,14.144,14.414,14.575,14.057,000776
309,2011-06-13,14.179,14.209,14.227,13.944,000776
310,2011-06-14,14.214,14.779,15.406,14.161,000776
311,2011-06-15,14.753,14.775,14.962,14.588,000776
312,2011-06-16,14.623,14.858,14.993,14.536,000776
313,2011-06-17,14.797,14.666,15.223,14.536,000776
314,2011-06-20,14.435,14.901,14.94,14.288,000776
315,2011-06-21,14.936,15.275,15.349,14.805,000776
316,2011-06-22,15.276,14.861,15.281,14.839,000776
317,2011-06-23,14.742,15.448,15.497,14.689,000776
318,2011-06-24,15.312,16.857,16.994,15.312,000776
319,2011-06-27,16.61,16.711,16.994,16.561,000776
320,2011-06-28,16.561,16.888,17.02,16.561,000776
321,2011-06-29,16.879,16.87,17.418,16.782,000776
322,2011-06-30,16.773,17.329,17.696,16.733,000776
323,2011-07-01,17.343,17.131,17.488,17.025,000776
324,2011-07-04,17.263,17.616,17.828,17.069,000776
325,2011-07-05,17.616,17.462,17.66,17.343,000776
326,2011-07-06,17.329,17.157,17.431,16.941,000776
327,2011-07-07,17.267,16.645,17.585,16.636,000776
328,2011-07-08,16.636,16.689,16.861,16.468,000776
329,2011-07-11,16.535,16.645,16.861,16.495,000776
330,2011-07-12,16.402,16.327,16.552,16.177,000776
331,2011-07-13,16.349,16.53,16.663,16.349,000776
332,2011-07-14,16.482,16.062,16.482,15.899,000776
333,2011-07-15,15.943,16.075,16.212,15.766,000776
334,2011-07-18,16.08,16.036,16.111,15.93,000776
335,2011-07-19,15.983,15.806,15.983,15.674,000776
336,2011-07-20,15.916,16.075,16.195,15.806,000776
337,2011-07-21,16.102,15.961,16.318,15.903,000776
338,2011-07-22,16.106,16.053,16.362,16.005,000776
339,2011-07-25,15.85,15.007,15.85,14.817,000776
340,2011-07-26,14.998,15.06,15.135,14.879,000776
341,2011-07-27,14.888,15.175,15.21,14.795,000776
342,2011-07-28,14.879,14.879,14.989,14.61,000776
343,2011-07-29,14.848,15.378,15.894,14.83,000776
344,2011-08-01,15.17,15.506,15.652,15.038,000776
345,2011-08-02,15.237,15.241,15.365,14.888,000776
346,2011-08-03,15.003,15.038,15.475,14.923,000776
347,2011-08-04,15.1,15.056,15.382,15.011,000776
348,2011-08-05,14.128,14.535,14.808,13.974,000776
349,2011-08-08,14.349,13.731,14.649,13.082,000776
350,2011-08-09,13.245,13.652,13.797,13.184,000776
351,2011-08-10,13.93,13.757,14.084,13.74,000776
352,2011-08-11,13.444,14.173,14.376,13.444,000776
353,2011-08-12,14.142,14.075,14.349,14.04,000776
354,2011-08-15,14.173,14.309,14.384,14.022,000776
355,2011-08-16,14.314,14.014,14.429,13.996,000776
356,2011-08-17,14.018,14.164,14.482,13.939,000776
357,2011-08-18,14.181,13.81,14.38,13.793,000776
358,2011-08-19,13.493,13.603,13.687,13.422,000776
359,2011-08-22,13.903,13.647,14.075,13.51,000776
360,2011-08-23,13.828,14.036,14.195,13.691,000776
361,2011-08-24,14.128,14.044,14.482,13.908,000776
362,2011-08-25,14.005,14.764,14.923,14.005,000776
363,2011-08-26,14.614,14.565,14.769,14.459,000776
364,2011-08-29,14.358,14.04,14.371,14.009,000776
365,2011-08-30,14.195,13.943,14.42,13.921,000776
366,2011-08-31,13.978,13.996,14.089,13.788,000776
367,2011-09-01,14.031,14.186,14.217,13.961,000776
368,2011-09-02,14.137,13.952,14.146,13.877,000776
369,2011-09-05,13.691,13.426,13.771,13.422,000776
370,2011-09-06,13.289,13.281,13.599,13.148,000776
371,2011-09-07,13.501,13.546,13.74,13.294,000776
372,2011-09-08,13.599,13.329,13.621,13.32,000776
373,2011-09-09,13.418,13.479,13.978,13.334,000776
374,2011-09-13,13.157,13.285,13.329,13.113,000776
375,2011-09-14,13.347,13.523,13.554,13.201,000776
376,2011-09-15,13.528,13.568,13.775,13.479,000776
377,2011-09-16,13.647,13.753,13.819,13.621,000776
378,2011-09-19,13.599,13.431,13.656,13.356,000776
379,2011-09-20,13.426,13.753,13.797,13.329,000776
380,2011-09-21,13.674,14.212,14.433,13.576,000776
381,2011-09-22,14.128,13.687,14.128,13.682,000776
382,2011-09-23,13.378,13.625,13.665,13.245,000776
383,2011-09-26,13.519,13.334,13.788,13.303,000776
384,2011-09-27,13.554,13.678,13.784,13.378,000776
385,2011-09-28,13.775,13.594,13.886,13.532,000776
386,2011-09-29,13.422,13.594,13.881,13.382,000776
387,2011-09-30,13.678,13.599,13.837,13.471,000776
388,2011-10-10,13.638,13.775,13.863,13.51,000776
389,2011-10-11,14.504,14.133,14.57,13.74,000776
390,2011-10-12,13.952,14.927,15.179,13.868,000776
391,2011-10-13,14.746,14.632,14.976,14.482,000776
392,2011-10-14,14.526,14.495,14.671,14.389,000776
393,2011-10-17,14.455,14.42,14.641,14.296,000776
394,2011-10-18,14.283,13.674,14.327,13.643,000776
395,2011-10-19,13.687,13.802,14.128,13.682,000776
396,2011-10-20,13.722,13.643,13.802,13.532,000776
397,2011-10-21,13.687,13.563,13.819,13.559,000776
398,2011-10-24,13.607,13.969,14.089,13.599,000776
399,2011-10-25,14.018,14.031,14.261,13.709,000776
400,2011-10-26,13.961,14.19,14.345,13.952,000776
401,2011-10-27,14.256,14.115,14.278,14.062,000776
402,2011-10-28,14.548,14.261,14.565,14.15,000776
403,2011-10-31,14.415,14.146,14.482,14.04,000776
404,2011-11-01,14.0,14.248,14.393,13.952,000776
405,2011-11-02,13.956,14.42,14.482,13.859,000776
406,2011-11-03,14.482,14.38,14.702,14.331,000776
407,2011-11-04,14.539,14.473,14.649,14.349,000776
408,2011-11-07,14.349,14.256,14.482,14.239,000776
409,2011-11-08,14.323,14.195,14.464,14.181,000776
410,2011-11-10,14.084,13.903,14.084,13.863,000776
411,2011-11-11,13.881,13.762,13.952,13.665,000776
412,2011-11-14,13.894,14.075,14.159,13.841,000776
413,2011-11-15,13.996,13.868,14.089,13.819,000776
414,2011-11-16,13.877,13.554,13.939,13.51,000776
415,2011-11-17,13.554,13.471,13.665,13.422,000776
416,2011-11-18,13.413,13.312,13.599,13.25,000776
417,2011-11-21,13.387,13.435,13.462,13.25,000776
418,2011-11-22,13.347,13.475,13.546,13.272,000776
419,2011-11-23,13.475,13.228,13.532,13.206,000776
420,2011-11-24,13.157,12.826,13.157,12.716,000776
421,2011-11-25,12.804,12.442,12.817,12.411,000776
422,2011-11-28,12.495,12.464,12.711,12.42,000776
423,2011-11-29,12.632,12.658,12.707,12.499,000776
424,2011-11-30,12.671,11.735,12.671,11.501,000776
425,2011-12-01,12.34,12.089,12.437,12.009,000776
426,2011-12-02,11.921,11.859,12.053,11.722,000776
427,2011-12-05,11.908,11.735,11.938,11.727,000776
428,2011-12-06,11.731,11.757,11.85,11.621,000776
429,2011-12-07,11.757,11.788,11.872,11.704,000776
430,2011-12-08,11.797,11.793,12.027,11.515,000776
431,2011-12-09,11.607,11.568,11.766,11.537,000776
432,2011-12-12,11.546,11.453,11.691,11.426,000776
433,2011-12-13,11.325,11.144,11.47,11.108,000776
434,2011-12-14,10.967,10.685,11.033,10.627,000776
435,2011-12-15,10.596,10.203,10.596,10.066,000776
436,2011-12-16,10.0,10.252,10.287,9.89,000776
437,2011-12-19,10.066,10.111,10.164,9.66,000776
438,2011-12-20,10.084,9.947,10.247,9.938,000776
439,2011-12-21,10.093,9.598,10.15,9.528,000776
440,2011-12-22,9.493,9.356,9.528,9.179,000776
441,2011-12-23,9.364,9.391,9.647,9.267,000776
442,2011-12-26,9.272,9.139,9.475,9.139,000776
443,2011-12-27,9.126,9.055,9.515,8.919,000776
444,2011-12-28,8.874,9.285,9.325,8.742,000776
445,2011-12-29,9.228,9.086,9.285,9.082,000776
446,2011-12-30,9.13,9.272,9.36,9.13,000776
447,2012-01-04,9.382,9.011,9.44,9.011,000776
448,2012-01-05,8.919,8.892,9.183,8.852,000776
449,2012-01-06,8.963,9.051,9.104,8.662,000776
450,2012-01-09,8.963,9.475,9.559,8.874,000776
451,2012-01-10,9.426,9.978,10.089,9.391,000776
452,2012-01-11,9.885,9.846,10.027,9.757,000776
453,2012-01-12,9.762,9.766,10.005,9.731,000776
454,2012-01-13,9.832,9.594,9.872,9.294,000776
455,2012-01-16,9.493,9.669,9.775,9.453,000776
456,2012-01-17,9.665,10.42,10.592,9.603,000776
457,2012-01-18,10.442,10.526,11.457,10.345,000776
458,2012-01-19,10.473,11.179,11.576,10.473,000776
459,2012-01-20,11.17,11.161,11.259,10.941,000776
460,2012-01-30,11.157,10.994,11.157,10.821,000776
461,2012-01-31,11.038,10.905,11.095,10.782,000776
462,2012-02-01,10.941,10.649,10.958,10.574,000776
463,2012-02-02,10.685,10.949,10.972,10.543,000776
464,2012-02-03,10.874,10.927,11.047,10.742,000776
465,2012-02-06,10.927,10.848,11.144,10.821,000776
466,2012-02-07,10.592,10.287,10.592,10.071,000776
467,2012-02-08,10.199,10.821,11.038,10.128,000776
468,2012-02-09,10.742,10.627,10.883,10.605,000776
469,2012-02-10,10.517,10.715,10.958,10.517,000776
470,2012-02-13,10.552,10.804,10.927,10.42,000776
471,2012-02-14,10.799,10.724,10.861,10.596,000776
472,2012-02-15,10.614,10.852,11.011,10.499,000776
473,2012-02-16,10.782,10.676,10.857,10.574,000776
474,2012-02-17,10.826,10.826,10.883,10.663,000776
475,2012-02-20,11.038,10.773,11.259,10.773,000776
476,2012-02-21,10.826,10.817,10.861,10.561,000776
477,2012-02-22,10.707,11.148,11.285,10.707,000776
478,2012-02-23,11.122,11.241,11.457,11.047,000776
479,2012-02-24,11.303,11.634,11.651,11.21,000776
480,2012-02-27,11.802,12.044,12.583,11.749,000776
481,2012-02-28,12.009,12.089,12.358,11.978,000776
482,2012-02-29,12.027,11.722,12.036,11.704,000776
483,2012-03-01,11.638,11.859,12.036,11.638,000776
484,2012-03-02,11.881,12.808,12.883,11.881,000776
485,2012-03-05,12.892,12.839,13.285,12.764,000776
486,2012-03-06,12.857,13.025,13.219,12.552,000776
487,2012-03-07,12.804,13.17,13.457,12.72,000776
488,2012-03-08,13.259,13.51,13.899,13.016,000776
489,2012-03-09,13.554,13.488,13.647,13.298,000776
490,2012-03-12,13.312,13.342,13.444,13.192,000776
491,2012-03-13,13.422,13.36,13.621,13.289,000776
492,2012-03-14,13.466,12.676,13.599,12.552,000776
493,2012-03-15,12.433,12.702,12.87,12.433,000776
494,2012-03-16,12.791,13.007,13.025,12.716,000776
495,2012-03-19,12.839,13.113,13.113,12.764,000776
496,2012-03-20,12.98,12.627,13.047,12.618,000776
497,2012-03-21,12.707,12.296,12.786,12.164,000776
498,2012-03-22,12.234,12.261,12.495,12.089,000776
499,2012-03-23,12.159,12.274,12.526,12.084,000776
500,2012-03-26,12.225,11.885,12.248,11.647,000776
501,2012-03-27,12.009,11.833,12.049,11.784,000776
502,2012-03-28,11.78,11.656,12.005,11.537,000776
503,2012-03-29,11.391,11.59,11.868,11.281,000776
504,2012-03-30,11.568,12.0,12.137,11.568,000776
505,2012-04-05,12.009,13.069,13.201,11.925,000776
506,2012-04-06,12.83,13.228,13.281,12.83,000776
507,2012-04-09,13.153,13.113,13.373,13.003,000776
508,2012-04-10,13.148,13.303,13.325,12.587,000776
509,2012-04-11,12.892,13.108,13.501,12.883,000776
510,2012-04-12,13.201,13.616,13.908,12.914,000776
511,2012-04-13,13.634,13.523,14.084,13.431,000776
512,2012-04-16,13.448,13.709,13.93,13.312,000776
513,2012-04-17,13.819,13.289,14.12,13.21,000776
514,2012-04-18,13.4,13.908,14.089,13.157,000776
515,2012-04-19,13.819,13.599,13.934,13.576,000776
516,2012-04-20,13.599,14.044,14.349,13.523,000776
517,2012-04-23,13.908,13.903,14.349,13.819,000776
518,2012-04-24,13.705,13.691,13.978,13.161,000776
519,2012-04-25,13.687,13.59,14.111,13.466,000776
520,2012-04-26,13.599,13.687,13.819,13.32,000776
521,2012-04-27,13.594,13.267,13.687,13.237,000776
522,2012-05-02,13.718,13.974,14.459,13.599,000776
523,2012-05-03,13.974,14.557,14.627,13.819,000776
524,2012-05-04,14.526,14.504,14.614,14.217,000776
525,2012-05-08,14.504,14.225,14.548,13.996,000776
526,2012-05-09,14.04,14.102,14.301,13.886,000776
527,2012-05-10,14.106,14.115,14.292,13.881,000776
528,2012-05-11,14.044,14.049,14.305,13.908,000776
529,2012-05-14,14.199,14.106,14.535,14.049,000776
530,2012-05-15,13.908,14.221,14.305,13.819,000776
531,2012-05-16,14.164,13.806,14.371,13.806,000776
532,2012-05-17,13.81,14.614,14.693,13.735,000776
533,2012-05-18,14.349,14.044,14.482,13.899,000776
534,2012-05-21,13.956,13.466,14.036,13.276,000776
535,2012-05-22,13.599,13.855,13.952,13.585,000776
536,2012-05-23,13.775,14.217,14.292,13.643,000776
537,2012-05-24,14.208,13.983,14.283,13.93,000776
538,2012-05-25,13.908,13.766,14.164,13.753,000776
539,2012-05-28,13.731,13.881,13.899,13.4,000776
540,2012-05-29,13.824,14.177,14.367,13.824,000776
541,2012-05-30,14.106,14.186,14.309,14.044,000776
542,2012-05-31,14.106,14.393,14.588,14.031,000776
543,2012-06-01,14.42,14.583,14.729,14.402,000776
544,2012-06-04,14.283,13.974,14.689,13.974,000776
545,2012-06-05,14.12,13.594,14.173,13.559,000776
546,2012-06-06,13.735,13.621,13.81,13.488,000776
547,2012-06-07,13.93,13.656,14.084,13.506,000776
548,2012-06-11,13.713,14.014,14.102,13.629,000776
549,2012-06-12,13.903,13.886,14.115,13.824,000776
550,2012-06-13,13.987,14.274,14.424,13.886,000776
551,2012-06-14,14.195,13.974,14.345,13.943,000776
552,2012-06-15,14.036,13.965,14.239,13.744,000776
553,2012-06-18,14.128,14.12,14.248,14.062,000776
554,2012-06-19,14.08,14.062,14.203,14.0,000776
555,2012-06-20,14.071,13.899,14.181,13.89,000776
556,2012-06-21,13.899,13.245,13.952,13.201,000776
557,2012-06-25,13.214,12.561,13.214,12.486,000776
558,2012-06-26,12.451,12.808,12.905,12.362,000776
559,2012-06-27,12.804,12.649,12.905,12.614,000776
560,2012-06-28,12.76,12.671,12.888,12.627,000776
561,2012-06-29,12.685,13.17,13.184,12.663,000776
562,2012-07-02,13.276,13.21,13.316,13.073,000776
563,2012-07-03,13.214,13.342,13.444,13.192,000776
564,2012-07-04,13.413,13.148,13.418,13.104,000776
565,2012-07-05,12.915,12.421,12.915,12.349,000776
566,2012-07-06,12.663,12.807,12.906,12.223,000776
567,2012-07-09,12.574,12.107,12.753,11.9,000776
568,2012-07-10,12.08,12.196,12.475,12.071,000776
569,2012-07-11,12.124,12.52,12.583,12.089,000776
570,2012-07-12,12.475,13.274,13.651,12.385,000776
571,2012-07-13,13.265,13.508,13.795,13.068,000776
572,2012-07-16,13.544,13.265,13.624,13.121,000776
573,2012-07-17,13.202,13.876,14.28,13.202,000776
574,2012-07-18,13.831,14.172,14.469,13.588,000776
575,2012-07-19,14.011,14.082,14.684,13.948,000776
576,2012-07-20,14.011,13.597,14.181,13.579,000776
577,2012-07-23,13.472,13.651,13.858,13.076,000776
578,2012-07-24,13.454,13.858,14.002,13.4,000776
579,2012-07-25,13.741,13.624,13.993,13.57,000776
580,2012-07-26,13.49,13.454,13.822,13.373,000776
581,2012-07-27,13.481,13.22,13.597,13.112,000776
582,2012-07-30,13.229,12.214,13.31,12.08,000776
583,2012-07-31,12.268,12.232,12.403,11.837,000776
584,2012-08-01,12.169,12.376,12.636,12.133,000776
585,2012-08-02,12.394,11.99,12.394,11.873,000776
586,2012-08-03,12.169,12.268,12.277,11.927,000776
587,2012-08-06,12.196,12.618,12.636,12.124,000776
588,2012-08-07,12.574,12.493,12.636,12.448,000776
589,2012-08-08,12.618,12.699,12.96,12.6,000776
590,2012-08-09,12.618,12.744,12.798,12.34,000776
591,2012-08-10,12.744,12.457,12.744,12.439,000776
592,2012-08-13,12.403,11.514,12.403,11.352,000776
593,2012-08-14,11.46,11.496,11.577,10.867,000776
594,2012-08-15,11.379,11.451,11.622,11.28,000776
595,2012-08-16,11.469,11.496,11.631,11.424,000776
596,2012-08-17,11.478,11.487,11.55,11.235,000776
597,2012-08-20,11.253,11.433,11.568,11.181,000776
598,2012-08-21,11.424,11.487,11.702,11.316,000776
599,2012-08-22,11.496,11.37,11.595,11.343,000776
600,2012-08-23,11.487,11.343,11.577,11.226,000776
601,2012-08-24,11.334,11.02,11.334,11.011,000776
602,2012-08-27,10.768,9.915,10.768,9.915,000776
603,2012-08-28,9.511,9.466,9.771,9.197,000776
604,2012-08-29,9.349,9.197,9.358,9.098,000776
605,2012-08-30,9.17,9.34,9.556,9.161,000776
606,2012-08-31,9.304,9.295,9.502,9.188,000776
607,2012-09-03,9.286,9.403,9.592,9.206,000776
608,2012-09-04,9.466,9.277,9.556,9.26,000776
609,2012-09-05,9.206,9.349,9.457,9.17,000776
610,2012-09-06,9.349,9.412,9.466,9.295,000776
611,2012-09-07,9.583,10.355,10.355,9.556,000776
612,2012-09-10,10.643,10.903,11.226,10.571,000776
613,2012-09-11,10.822,11.406,11.406,10.643,000776
614,2012-09-12,11.406,11.361,11.523,11.002,000776
615,2012-09-13,11.307,11.029,11.397,11.029,000776
616,2012-09-14,11.316,11.343,11.747,11.056,000776
617,2012-09-17,11.199,10.777,11.244,10.741,000776
618,2012-09-18,10.768,10.822,11.029,10.732,000776
619,2012-09-19,11.011,11.056,11.226,10.885,000776
620,2012-09-20,11.038,10.867,11.208,10.741,000776
621,2012-09-21,10.831,10.975,11.19,10.67,000776
622,2012-09-24,10.688,11.235,11.631,10.607,000776
623,2012-09-25,11.155,11.146,11.559,11.11,000776
624,2012-09-26,11.173,11.316,11.451,11.029,000776
625,2012-09-27,11.325,12.035,12.295,11.226,000776
626,2012-09-28,11.774,12.214,12.439,11.747,000776
627,2012-10-08,12.169,11.909,12.286,11.774,000776
628,2012-10-09,11.954,12.421,12.618,11.945,000776
629,2012-10-10,12.295,12.367,12.484,12.133,000776
630,2012-10-11,12.367,12.223,12.547,12.169,000776
631,2012-10-12,12.259,12.107,12.457,11.927,000776
632,2012-10-15,12.107,12.035,12.277,11.837,000776
633,2012-10-16,12.133,12.116,12.358,12.026,000776
634,2012-10-17,12.259,12.241,12.421,11.945,000776
635,2012-10-18,12.286,12.394,12.439,12.214,000776
636,2012-10-19,12.385,12.331,12.439,12.259,000776
637,2012-10-22,12.25,12.654,12.744,12.187,000776
638,2012-10-23,12.672,12.16,12.708,12.053,000776
639,2012-10-24,12.062,11.846,12.214,11.693,000776
640,2012-10-25,11.855,11.586,11.936,11.487,000776
641,2012-10-26,11.586,11.433,11.684,11.271,000776
642,2012-10-29,11.415,11.343,11.541,11.226,000776
643,2012-10-30,11.415,11.478,11.765,11.406,000776
644,2012-10-31,11.478,11.568,11.631,11.343,000776
645,2012-11-01,11.568,11.918,12.035,11.532,000776
646,2012-11-02,11.918,11.963,11.999,11.819,000776
647,2012-11-05,11.954,11.828,12.035,11.711,000776
648,2012-11-06,11.801,11.909,12.026,11.325,000776
649,2012-11-07,11.774,11.666,11.873,11.523,000776
650,2012-11-08,11.496,11.164,11.568,11.137,000776
651,2012-11-09,11.146,11.029,11.226,10.957,000776
652,2012-11-12,11.038,11.235,11.262,10.912,000776
653,2012-11-13,11.208,10.84,11.208,10.84,000776
654,2012-11-14,10.84,10.993,11.11,10.732,000776
655,2012-11-15,10.84,10.849,11.074,10.75,000776
656,2012-11-16,10.795,10.912,10.984,10.688,000776
657,2012-11-19,10.894,11.092,11.173,10.885,000776
658,2012-11-20,11.155,10.885,11.181,10.777,000776
659,2012-11-21,10.849,11.253,11.289,10.831,000776
660,2012-11-22,11.119,11.137,11.28,11.083,000776
661,2012-11-23,11.217,11.146,11.334,11.092,000776
662,2012-11-26,11.119,10.93,11.181,10.912,000776
663,2012-11-27,10.903,10.697,11.011,10.688,000776
664,2012-11-28,10.616,10.768,10.813,10.598,000776
665,2012-11-29,10.759,9.969,10.858,9.861,000776
666,2012-11-30,9.987,9.987,10.077,9.556,000776
667,2012-12-03,9.969,9.789,10.194,9.655,000776
668,2012-12-04,9.789,10.05,10.122,9.7,000776
669,2012-12-05,10.05,10.966,11.056,9.969,000776
670,2012-12-06,10.867,10.894,11.029,10.777,000776
671,2012-12-07,10.867,11.415,11.568,10.867,000776
672,2012-12-10,11.415,11.424,11.792,11.361,000776
673,2012-12-11,11.316,11.424,11.577,11.217,000776
674,2012-12-12,11.406,11.451,11.514,11.181,000776
675,2012-12-13,11.343,11.181,11.469,11.137,000776
676,2012-12-14,11.28,12.304,12.304,11.226,000776
677,2012-12-17,12.34,12.502,12.798,12.259,000776
678,2012-12-18,12.385,12.52,12.78,12.241,000776
679,2012-12-19,12.394,12.529,12.735,12.304,000776
680,2012-12-20,12.403,12.583,12.906,12.187,000776
681,2012-12-21,12.583,12.412,12.735,12.268,000776
682,2012-12-24,12.358,12.376,12.816,12.277,000776
683,2012-12-25,12.304,12.457,12.897,11.99,000776
684,2012-12-26,12.403,12.735,12.78,12.295,000776
685,2012-12-27,12.753,13.157,13.588,12.753,000776
686,2012-12-28,13.346,13.633,13.822,13.023,000776
687,2012-12-31,13.876,13.849,13.921,13.508,000776
688,2013-01-04,14.011,13.732,14.406,13.606,000776
689,2013-01-07,13.606,13.481,13.714,13.274,000776
690,2013-01-08,13.463,13.319,13.651,13.139,000776
691,2013-01-09,13.265,13.49,13.696,13.202,000776
692,2013-01-10,13.319,13.579,13.903,13.319,000776
693,2013-01-11,13.57,13.023,13.642,12.825,000776
694,2013-01-14,12.951,13.795,13.912,12.915,000776
695,2013-01-15,13.822,13.66,13.876,13.526,000776
696,2013-01-16,13.642,13.355,13.651,13.068,000776
697,2013-01-17,13.274,13.445,13.651,13.13,000776
698,2013-01-18,13.472,13.508,13.723,13.247,000776
699,2013-01-21,13.481,13.499,13.606,13.292,000776
700,2013-01-22,13.49,13.364,13.669,13.184,000776
701,2013-01-23,13.265,13.256,13.409,13.023,000776
702,2013-01-24,13.256,13.193,13.768,13.068,000776
703,2013-01-25,13.166,12.834,13.202,12.807,000776
704,2013-01-28,12.843,13.418,13.436,12.843,000776
705,2013-01-29,13.409,13.975,14.082,13.31,000776
706,2013-01-30,14.011,13.84,14.504,13.75,000776
707,2013-01-31,13.921,13.768,13.975,13.526,000776
708,2013-02-01,13.723,14.46,14.504,13.615,000776
709,2013-02-04,14.666,14.172,14.891,14.118,000776
710,2013-02-05,13.939,14.145,14.343,13.786,000776
711,2013-02-06,14.145,14.9,15.447,14.1,000776
712,2013-02-07,14.846,15.16,15.25,14.451,000776
713,2013-02-08,15.088,15.052,15.376,14.873,000776
714,2013-02-18,15.079,14.46,15.16,14.415,000776
715,2013-02-19,14.46,14.145,14.531,14.028,000776
716,2013-02-20,14.055,13.849,14.118,13.669,000776
717,2013-02-21,13.705,13.346,13.75,13.202,000776
718,2013-02-22,13.382,13.382,13.615,13.319,000776
719,2013-02-25,13.552,13.579,13.894,13.544,000776
720,2013-02-26,13.436,13.418,13.84,13.157,000776
721,2013-02-27,13.561,13.84,14.002,13.526,000776
722,2013-02-28,14.011,14.478,14.603,13.804,000776
723,2013-03-01,14.379,14.469,14.621,14.1,000776
724,2013-03-04,14.145,13.517,14.19,13.346,000776
725,2013-03-05,13.517,14.028,14.127,13.517,000776
726,2013-03-06,14.145,13.984,14.199,13.858,000776
727,2013-03-07,14.1,13.732,14.235,13.606,000776
728,2013-03-08,13.768,13.391,13.822,13.301,000776
729,2013-03-11,13.4,13.05,13.427,12.942,000776
730,2013-03-12,13.05,12.888,13.337,12.672,000776
731,2013-03-13,12.879,12.753,12.978,12.708,000776
732,2013-03-14,12.771,12.852,13.059,12.762,000776
733,2013-03-15,12.933,13.085,13.319,12.493,000776
734,2013-03-18,12.933,12.771,12.978,12.672,000776
735,2013-03-19,12.798,12.915,13.041,12.529,000776
736,2013-03-20,12.942,13.436,13.463,12.942,000776
737,2013-03-21,13.436,13.337,13.49,13.247,000776
738,2013-03-22,13.328,13.175,13.391,13.112,000776
739,2013-03-25,13.22,12.933,13.301,12.933,000776
740,2013-03-26,12.843,12.69,12.852,12.538,000776
741,2013-03-27,12.663,12.717,12.915,12.565,000776
742,2013-03-28,12.484,11.846,12.493,11.819,000776
743,2013-03-29,11.945,11.72,12.008,11.702,000776
744,2013-04-01,11.747,11.792,11.909,11.729,000776
745,2013-04-02,11.81,12.026,12.151,11.765,000776
746,2013-04-03,12.089,11.99,12.259,11.936,000776
747,2013-04-08,11.568,11.774,11.882,11.496,000776
748,2013-04-09,11.828,12.008,12.151,11.828,000776
749,2013-04-10,12.035,11.855,12.089,11.765,000776
750,2013-04-11,12.026,11.792,12.124,11.774,000776
751,2013-04-12,11.81,11.514,11.9,11.46,000776
752,2013-04-15,11.514,11.46,11.702,11.298,000776
753,2013-04-16,11.325,11.837,11.891,11.298,000776
754,2013-04-17,11.846,11.837,11.909,11.711,000776
755,2013-04-18,11.711,11.927,12.062,11.684,000776
756,2013-04-19,11.999,12.331,12.43,11.954,000776
757,2013-04-22,12.259,12.322,12.367,12.214,000776
758,2013-04-23,12.304,11.666,12.322,11.648,000776
759,2013-04-24,11.693,12.035,12.178,11.675,000776
760,2013-04-25,11.99,11.927,12.286,11.774,000776
761,2013-04-26,12.035,11.81,12.116,11.774,000776
762,2013-05-02,11.774,11.882,12.026,11.684,000776
763,2013-05-03,12.026,12.232,12.448,11.99,000776
764,2013-05-06,12.304,12.421,12.511,12.214,000776
765,2013-05-07,12.385,12.25,12.385,12.133,000776
766,2013-05-08,12.268,12.214,12.412,12.124,000776
767,2013-05-09,12.214,12.08,12.214,11.864,000776
768,2013-05-10,12.017,12.151,12.259,11.963,000776
769,2013-05-13,12.16,11.909,12.196,11.855,000776
770,2013-05-14,11.873,11.711,11.891,11.657,000776
771,2013-05-15,11.756,11.864,11.882,11.738,000776
772,2013-05-16,11.882,12.187,12.295,11.729,000776
773,2013-05-17,12.205,12.313,12.367,12.107,000776
774,2013-05-20,12.313,12.385,12.609,12.313,000776
775,2013-05-21,12.385,12.331,12.412,12.187,000776
776,2013-05-22,12.349,12.358,12.529,12.259,000776
777,2013-05-23,12.286,12.205,12.475,12.169,000776
778,2013-05-24,12.295,12.25,12.394,12.142,000776
779,2013-05-27,12.205,12.358,12.484,12.16,000776
780,2013-05-28,12.385,12.843,12.843,12.313,000776
781,2013-05-29,12.933,12.69,12.987,12.681,000776
782,2013-05-30,12.708,12.807,13.023,12.699,000776
783,2013-05-31,12.861,12.699,12.987,12.69,000776
784,2013-06-03,12.699,12.592,12.843,12.547,000776
785,2013-06-04,12.592,12.295,12.627,12.214,000776
786,2013-06-05,12.358,12.412,12.439,12.286,000776
787,2013-06-06,12.322,12.044,12.385,12.008,000776
788,2013-06-07,12.098,11.711,12.34,11.657,000776
789,2013-06-13,11.541,11.011,11.541,10.921,000776
790,2013-06-14,11.092,11.029,11.164,10.921,000776
791,2013-06-17,11.065,10.885,11.119,10.84,000776
792,2013-06-18,10.957,10.957,11.047,10.858,000776
793,2013-06-19,10.876,10.939,10.966,10.571,000776
794,2013-06-20,10.795,10.607,10.885,10.571,000776
795,2013-06-21,10.337,10.885,10.912,10.221,000776
796,2013-06-24,10.777,10.077,10.795,9.951,000776
797,2013-06-25,9.978,9.951,10.229,9.116,000776
798,2013-06-26,9.969,9.978,10.05,9.574,000776
799,2013-06-27,10.041,9.745,10.212,9.745,000776
800,2013-06-28,9.691,9.951,10.212,9.592,000776
801,2013-07-01,9.87,9.978,10.068,9.789,000776
802,2013-07-02,10.005,9.996,10.104,9.771,000776
803,2013-07-03,9.96,9.691,9.969,9.592,000776
804,2013-07-04,9.601,9.807,9.951,9.385,000776
805,2013-07-05,9.861,10.176,10.391,9.834,000776
806,2013-07-08,9.978,9.888,10.203,9.807,000776
807,2013-07-09,9.897,9.888,10.005,9.789,000776
808,2013-07-10,9.933,10.364,10.445,9.879,000776
809,2013-07-11,10.473,11.138,11.311,10.392,000776
810,2013-07-12,11.065,10.701,11.256,10.655,000776
811,2013-07-15,10.937,11.556,11.775,10.937,000776
812,2013-07-16,11.465,11.611,11.675,11.392,000776
813,2013-07-17,11.556,11.183,11.693,11.119,000776
814,2013-07-18,11.101,10.947,11.347,10.874,000776
815,2013-07-19,10.992,10.492,11.22,10.492,000776
816,2013-07-22,10.382,10.692,10.71,10.301,000776
817,2013-07-23,10.701,11.038,11.238,10.628,000776
818,2013-07-24,10.919,10.883,10.974,10.592,000776
819,2013-07-25,11.01,10.901,11.256,10.837,000776
820,2013-07-26,10.837,10.728,10.892,10.601,000776
821,2013-07-29,10.564,10.455,10.692,10.41,000776
822,2013-07-30,10.601,10.628,10.983,10.473,000776
823,2013-07-31,10.737,10.774,11.038,10.692,000776
824,2013-08-01,10.947,11.074,11.192,10.81,000776
825,2013-08-02,11.192,10.947,11.265,10.892,000776
826,2013-08-05,10.965,11.183,11.283,10.947,000776
827,2013-08-06,11.129,11.265,11.301,11.019,000776
828,2013-08-07,11.247,11.11,11.502,11.056,000776
829,2013-08-08,11.092,11.047,11.201,10.91,000776
830,2013-08-09,11.138,11.119,11.183,10.937,000776
831,2013-08-12,11.174,11.556,11.611,11.138,000776
832,2013-08-13,11.502,11.538,11.584,11.411,000776
833,2013-08-14,11.556,11.374,11.693,11.329,000776
834,2013-08-15,11.338,11.092,11.493,11.047,000776
835,2013-08-16,10.992,11.056,12.084,10.992,000776
836,2013-08-19,10.719,10.783,10.91,10.546,000776
837,2013-08-20,10.774,10.601,10.91,10.546,000776
838,2013-08-21,10.665,10.619,10.701,10.51,000776
839,2013-08-22,10.601,10.537,10.701,10.473,000776
840,2013-08-23,10.637,10.364,10.674,10.21,000776
841,2013-08-26,10.665,10.837,10.901,10.601,000776
842,2013-08-27,10.828,10.819,10.892,10.701,000776
843,2013-08-28,10.692,10.692,10.837,10.601,000776
844,2013-08-29,10.865,10.728,10.947,10.71,000776
845,2013-08-30,10.737,10.765,10.965,10.555,000776
846,2013-09-02,10.81,10.792,10.919,10.674,000776
847,2013-09-03,10.865,10.883,10.919,10.71,000776
848,2013-09-04,10.828,10.765,10.947,10.746,000776
849,2013-09-05,10.755,10.655,10.846,10.646,000776
850,2013-09-06,10.583,10.646,10.792,10.583,000776
851,2013-09-09,10.728,11.138,11.311,10.646,000776
852,2013-09-10,11.192,11.574,11.593,11.129,000776
853,2013-09-11,11.738,11.474,11.938,11.465,000776
854,2013-09-12,11.474,11.756,11.966,11.465,000776
855,2013-09-13,11.693,11.602,11.802,11.547,000776
856,2013-09-16,11.747,11.411,11.82,11.383,000776
857,2013-09-17,11.447,11.229,11.593,11.22,000776
858,2013-09-18,11.238,11.292,11.402,11.147,000776
859,2013-09-23,11.329,11.42,11.456,11.21,000776
860,2013-09-24,11.374,11.129,11.383,11.056,000776
861,2013-09-25,11.101,11.01,11.283,10.992,000776
862,2013-09-26,10.992,10.619,11.056,10.555,000776
863,2013-09-27,10.628,10.883,10.928,10.601,000776
864,2013-09-30,10.965,10.783,10.992,10.737,000776
865,2013-10-08,10.728,10.91,10.974,10.655,000776
866,2013-10-09,10.856,10.974,11.083,10.774,000776
867,2013-10-10,10.992,10.683,11.001,10.646,000776
868,2013-10-11,10.755,10.883,10.947,10.728,000776
869,2013-10-14,10.883,10.792,10.956,10.737,000776
870,2013-10-15,10.846,10.874,10.928,10.783,000776
871,2013-10-16,10.828,10.555,10.865,10.464,000776
872,2013-10-17,10.637,10.655,10.801,10.564,000776
873,2013-10-18,10.574,10.774,10.965,10.574,000776
874,2013-10-21,10.774,10.937,10.974,10.701,000776
875,2013-10-22,10.928,10.774,10.937,10.746,000776
876,2013-10-23,10.828,10.737,10.983,10.701,000776
877,2013-10-24,10.701,10.555,10.701,10.546,000776
878,2013-10-25,10.564,10.483,10.737,10.41,000776
879,2013-10-28,10.483,10.428,10.546,10.373,000776
880,2013-10-29,10.464,10.583,10.728,10.273,000776
881,2013-10-30,10.564,10.628,10.646,10.492,000776
882,2013-10-31,10.674,10.51,10.674,10.492,000776
883,2013-11-01,10.619,10.665,10.692,10.537,000776
884,2013-11-04,10.737,10.555,10.765,10.537,000776
885,2013-11-05,10.473,10.655,10.683,10.41,000776
886,2013-11-06,10.619,10.492,10.665,10.483,000776
887,2013-11-07,10.473,10.492,10.574,10.41,000776
888,2013-11-08,10.419,10.173,10.51,10.128,000776
889,2013-11-11,10.182,10.164,10.264,10.0,000776
890,2013-11-12,10.182,10.464,10.528,10.173,000776
891,2013-11-13,10.346,10.2,10.419,10.191,000776
892,2013-11-14,10.273,10.228,10.301,10.173,000776
893,2013-11-15,10.282,10.728,11.074,10.264,000776
894,2013-11-18,10.846,11.374,11.374,10.737,000776
895,2013-11-19,11.283,11.174,11.329,11.101,000776
896,2013-11-20,11.338,11.256,11.42,11.083,000776
897,2013-11-21,11.101,11.119,11.238,10.828,000776
898,2013-11-22,11.192,11.065,11.283,11.019,000776
899,2013-11-25,10.928,10.992,11.229,10.919,000776
900,2013-11-26,10.974,10.992,11.21,10.965,000776
901,2013-11-27,11.01,11.292,11.402,10.947,000776
902,2013-11-28,11.311,11.547,11.966,11.265,000776
903,2013-11-29,11.574,11.502,11.62,11.383,000776
904,2013-12-02,12.011,12.257,12.612,11.766,000776
905,2013-12-03,12.321,12.33,12.457,12.075,000776
906,2013-12-04,12.33,12.202,12.539,12.157,000776
907,2013-12-05,12.184,12.366,12.648,12.13,000776
908,2013-12-06,12.375,12.193,12.448,12.084,000776
909,2013-12-09,12.202,12.193,12.548,12.075,000776
910,2013-12-10,12.175,12.175,12.33,12.084,000776
911,2013-12-11,12.084,11.638,12.093,11.529,000776
912,2013-12-12,11.593,11.574,11.738,11.483,000776
913,2013-12-13,11.42,11.693,11.738,11.402,000776
914,2013-12-16,11.847,11.456,11.893,11.429,000776
915,2013-12-17,11.483,11.465,11.638,11.402,000776
916,2013-12-18,11.511,11.638,11.766,11.474,000776
917,2013-12-19,11.738,11.574,11.82,11.511,000776
918,2013-12-20,11.638,11.083,11.665,11.083,000776
919,2013-12-23,11.201,11.229,11.365,11.065,000776
920,2013-12-24,11.174,10.965,11.265,10.819,000776
921,2013-12-25,10.983,11.147,11.183,10.892,000776
922,2013-12-26,11.156,10.91,11.156,10.874,000776
923,2013-12-27,10.919,11.165,11.238,10.883,000776
924,2013-12-30,11.265,11.083,11.265,11.065,000776
925,2013-12-31,11.092,11.356,11.374,11.056,000776
926,2014-01-02,11.292,11.274,11.356,11.183,000776
927,2014-01-03,11.174,11.01,11.247,10.928,000776
928,2014-01-06,11.01,10.874,11.01,10.737,000776
929,2014-01-07,10.737,10.819,10.91,10.692,000776
930,2014-01-08,10.901,10.901,11.065,10.792,000776
931,2014-01-09,10.856,10.683,10.974,10.646,000776
932,2014-01-10,10.637,10.437,10.701,10.392,000776
933,2014-01-13,10.464,10.373,10.564,10.291,000776
934,2014-01-14,10.364,10.492,10.555,10.282,000776
935,2014-01-15,10.464,10.419,10.473,10.319,000776
936,2014-01-16,10.437,10.501,10.61,10.346,000776
937,2014-01-17,10.437,10.373,10.483,10.355,000776
938,2014-01-20,10.337,10.382,10.446,10.31,000776
939,2014-01-21,10.419,10.574,10.719,10.401,000776
940,2014-01-22,10.592,10.956,10.974,10.519,000776
941,2014-01-23,10.937,10.828,10.992,10.801,000776
942,2014-01-24,10.774,10.874,11.001,10.774,000776
943,2014-01-27,10.755,10.628,10.783,10.619,000776
944,2014-01-28,10.692,10.692,10.774,10.637,000776
945,2014-01-29,10.774,10.683,10.774,10.646,000776
946,2014-01-30,10.637,10.455,10.674,10.446,000776
947,2014-02-07,10.373,10.583,10.61,10.328,000776
948,2014-02-10,10.601,10.819,10.856,10.601,000776
949,2014-02-11,10.783,10.846,11.056,10.746,000776
950,2014-02-12,10.928,10.91,11.01,10.801,000776
951,2014-02-13,10.837,10.792,10.974,10.728,000776
952,2014-02-14,10.765,10.837,10.892,10.755,000776
953,2014-02-17,10.919,10.846,10.965,10.801,000776
954,2014-02-18,10.865,10.483,10.865,10.446,000776
955,2014-02-19,10.473,10.555,10.646,10.328,000776
956,2014-02-20,10.564,10.355,10.637,10.337,000776
957,2014-02-21,10.291,10.119,10.364,10.055,000776
958,2014-02-24,10.055,9.8,10.055,9.645,000776
959,2014-02-25,9.791,9.563,9.855,9.554,000776
960,2014-02-26,9.491,9.527,9.682,9.336,000776
961,2014-02-27,9.582,9.409,9.691,9.345,000776
962,2014-02-28,9.4,9.782,9.827,9.309,000776
963,2014-03-03,9.645,9.518,9.7,9.427,000776
964,2014-03-04,9.518,9.491,9.618,9.363,000776
965,2014-03-05,9.518,9.391,9.563,9.363,000776
966,2014-03-06,9.391,9.463,9.509,9.181,000776
967,2014-03-07,9.418,9.327,9.527,9.281,000776
968,2014-03-10,9.2,9.072,9.272,9.063,000776
969,2014-03-11,9.063,9.027,9.099,8.817,000776
970,2014-03-12,8.927,8.981,9.045,8.772,000776
971,2014-03-13,9.027,9.054,9.209,8.972,000776
972,2014-03-14,8.981,8.954,9.09,8.872,000776
973,2014-03-17,9.008,9.045,9.054,8.899,000776
974,2014-03-18,9.054,8.972,9.072,8.954,000776
975,2014-03-19,8.945,8.872,8.972,8.836,000776
976,2014-03-20,8.872,8.772,8.981,8.763,000776
977,2014-03-21,8.735,9.145,9.2,8.726,000776
978,2014-03-24,9.09,9.345,9.491,9.036,000776
979,2014-03-25,9.281,9.29,9.454,9.245,000776
980,2014-03-26,9.418,9.254,9.472,9.19,000776
981,2014-03-27,9.245,9.099,9.336,9.072,000776
982,2014-03-28,9.081,9.099,9.181,9.063,000776
983,2014-03-31,9.136,8.99,9.19,8.927,000776
984,2014-04-01,8.99,9.09,9.163,8.972,000776
985,2014-04-02,9.109,9.163,9.218,9.072,000776
986,2014-04-03,9.227,9.254,9.427,9.209,000776
987,2014-04-04,9.227,9.372,9.391,9.172,000776
988,2014-04-08,9.363,9.591,9.691,9.327,000776
989,2014-04-09,9.6,9.509,9.691,9.472,000776
990,2014-04-10,9.573,9.836,10.064,9.482,000776
991,2014-04-11,9.818,9.727,9.937,9.7,000776
992,2014-04-14,9.736,9.682,9.8,9.582,000776
993,2014-04-15,9.636,9.454,9.654,9.409,000776
994,2014-04-16,9.436,9.518,9.645,9.418,000776
995,2014-04-17,9.563,9.518,9.645,9.445,000776
996,2014-04-18,9.454,9.573,9.627,9.409,000776
997,2014-04-21,9.527,9.318,9.654,9.29,000776
998,2014-04-22,9.281,9.354,9.372,9.154,000776
999,2014-04-23,9.327,9.3,9.391,9.263,000776
1000,2014-04-24,9.29,9.3,9.409,9.254,000776
1001,2014-04-25,9.336,9.29,9.472,9.263,000776
1002,2014-04-28,9.3,9.136,9.336,9.109,000776
1003,2014-04-29,9.181,9.309,9.336,9.054,000776
1004,2014-04-30,9.281,9.245,9.309,9.2,000776
1005,2014-05-06,9.236,9.327,9.436,9.008,000776
1006,2014-05-07,9.29,9.345,9.454,9.263,000776
1007,2014-05-08,9.327,9.427,9.627,9.3,000776
1008,2014-05-09,9.427,9.482,9.545,9.318,000776
1009,2014-05-12,9.664,9.764,9.818,9.527,000776
1010,2014-05-13,9.773,9.691,9.873,9.664,000776
1011,2014-05-14,9.7,9.791,9.864,9.7,000776
1012,2014-05-15,9.791,9.518,9.791,9.454,000776
1013,2014-05-16,9.518,9.491,9.582,9.336,000776
1014,2014-05-19,9.4,9.263,9.427,9.19,000776
1015,2014-05-20,9.327,9.254,9.372,9.2,000776
1016,2014-05-21,9.2,9.281,9.3,9.127,000776
1017,2014-05-22,9.272,9.218,9.391,9.209,000776
1018,2014-05-23,9.2,9.254,9.272,9.181,000776
1019,2014-05-26,9.327,9.227,9.327,9.2,000776
1020,2014-05-27,9.218,9.209,9.272,9.2,000776
1021,2014-05-28,9.218,9.409,9.472,9.2,000776
1022,2014-05-29,9.409,9.127,9.436,9.099,000776
1023,2014-05-30,9.127,9.209,9.281,9.118,000776
1024,2014-06-03,9.218,9.172,9.3,9.163,000776
1025,2014-06-04,9.172,9.09,9.2,9.054,000776
1026,2014-06-05,9.09,9.163,9.172,9.081,000776
1027,2014-06-06,9.163,9.063,9.163,8.99,000776
1028,2014-06-09,9.036,9.072,9.218,8.999,000776
1029,2014-06-10,9.145,9.218,9.263,9.081,000776
1030,2014-06-11,9.19,9.19,9.227,9.163,000776
1031,2014-06-12,9.154,9.118,9.209,9.099,000776
1032,2014-06-13,9.118,9.218,9.272,9.09,000776
1033,2014-06-16,9.227,9.254,9.281,9.209,000776
1034,2014-06-17,9.254,9.172,9.263,9.163,000776
1035,2014-06-18,9.172,9.109,9.2,9.109,000776
1036,2014-06-19,9.109,8.872,9.136,8.826,000776
1037,2014-06-20,8.881,8.799,8.927,8.763,000776
1038,2014-06-23,8.817,8.763,8.908,8.726,000776
1039,2014-06-24,8.772,8.808,8.845,8.763,000776
1040,2014-06-25,8.808,8.826,8.863,8.772,000776
1041,2014-06-26,8.836,8.881,8.981,8.826,000776
1042,2014-06-27,8.863,8.89,8.927,8.808,000776
1043,2014-06-30,8.936,8.917,8.972,8.89,000776
1044,2014-07-01,8.927,8.917,8.945,8.899,000776
1045,2014-07-02,8.936,8.963,8.981,8.899,000776
1046,2014-07-03,8.954,8.999,9.036,8.936,000776
1047,2014-07-04,8.99,8.99,9.045,8.972,000776
1048,2014-07-07,8.99,8.963,9.027,8.936,000776
1049,2014-07-08,8.972,8.945,8.99,8.899,000776
1050,2014-07-09,9.028,8.833,9.028,8.824,000776
1051,2014-07-10,8.833,8.842,8.879,8.824,000776
1052,2014-07-11,8.842,8.898,8.944,8.824,000776
1053,2014-07-14,8.907,9.0,9.0,8.87,000776
1054,2014-07-15,9.0,8.981,9.019,8.944,000776
1055,2014-07-16,8.981,8.972,9.056,8.954,000776
1056,2014-07-17,8.963,8.889,8.963,8.861,000776
1057,2014-07-18,8.87,8.944,9.0,8.842,000776
1058,2014-07-21,8.926,8.842,8.935,8.824,000776
1059,2014-07-22,8.824,8.935,8.972,8.824,000776
1060,2014-07-23,8.935,9.0,9.093,8.916,000776
1061,2014-07-24,9.0,9.279,9.344,8.991,000776
1062,2014-07-25,9.288,9.372,9.381,9.223,000776
1063,2014-07-28,9.455,9.771,10.003,9.455,000776
1064,2014-07-29,9.752,9.771,9.817,9.659,000776
1065,2014-07-30,9.734,9.771,9.975,9.715,000776
1066,2014-07-31,9.78,9.855,9.864,9.706,000776
1067,2014-08-01,9.808,9.687,9.91,9.687,000776
1068,2014-08-04,9.762,10.022,10.059,9.715,000776
1069,2014-08-05,10.031,9.938,10.087,9.864,000776
1070,2014-08-06,9.901,9.938,10.012,9.771,000776
1071,2014-08-07,9.947,9.734,9.985,9.715,000776
1072,2014-08-08,9.734,9.752,9.808,9.669,000776
1073,2014-08-11,9.799,9.901,9.957,9.78,000776
1074,2014-08-12,9.892,9.827,9.938,9.78,000776
1075,2014-08-13,9.817,9.864,9.957,9.752,000776
1076,2014-08-14,9.827,9.724,9.901,9.724,000776
1077,2014-08-15,9.752,9.864,9.92,9.715,000776
1078,2014-08-18,9.882,9.91,9.975,9.836,000776
1079,2014-08-19,9.929,9.864,9.938,9.78,000776
1080,2014-08-20,9.855,9.855,9.91,9.808,000776
1081,2014-08-21,9.873,9.697,9.882,9.622,000776
1082,2014-08-22,9.697,9.762,9.771,9.65,000776
1083,2014-08-25,9.79,9.576,9.79,9.567,000776
1084,2014-08-26,9.567,9.464,9.622,9.427,000776
1085,2014-08-27,9.464,9.474,9.539,9.455,000776
1086,2014-08-28,9.474,9.409,9.548,9.372,000776
1087,2014-08-29,9.437,9.502,9.511,9.372,000776
1088,2014-09-01,9.492,9.585,9.585,9.474,000776
1089,2014-09-02,9.585,9.743,9.762,9.539,000776
1090,2014-09-03,9.752,9.771,9.827,9.734,000776
1091,2014-09-04,9.817,9.901,9.92,9.762,000776
1092,2014-09-05,9.994,10.022,10.161,9.938,000776
1093,2014-09-09,10.068,9.994,10.105,9.966,000776
1094,2014-09-10,9.938,9.855,9.947,9.836,000776
1095,2014-09-11,9.855,9.882,10.087,9.836,000776
1096,2014-09-12,9.836,9.92,9.947,9.799,000776
1097,2014-09-15,9.892,9.873,9.91,9.79,000776
1098,2014-09-16,9.873,9.604,9.91,9.585,000776
1099,2014-09-17,9.678,9.669,9.724,9.576,000776
1100,2014-09-18,9.65,9.706,9.836,9.594,000776
1101,2014-09-19,9.706,9.771,9.808,9.669,000776
1102,2014-09-22,9.752,9.632,9.808,9.585,000776
1103,2014-09-23,9.622,9.78,9.799,9.622,000776
1104,2014-09-24,9.734,10.17,10.272,9.734,000776
1105,2014-09-25,10.226,10.068,10.282,10.003,000776
1106,2014-09-26,10.04,10.077,10.124,9.985,000776
1107,2014-09-29,10.17,10.161,10.263,10.124,000776
1108,2014-09-30,10.18,10.17,10.217,10.124,000776
1109,2014-10-08,10.217,10.226,10.263,10.105,000776
1110,2014-10-09,10.226,10.152,10.282,10.068,000776
1111,2014-10-10,10.077,10.105,10.245,10.05,000776
1112,2014-10-13,10.05,9.985,10.077,9.91,000776
1113,2014-10-14,9.957,10.003,10.161,9.947,000776
1114,2014-10-15,10.068,10.421,10.551,10.031,000776
1115,2014-10-16,10.328,10.375,10.625,10.3,000776
1116,2014-10-17,10.43,10.588,10.644,10.245,000776
1117,2014-10-20,10.625,10.57,10.718,10.514,000776
1118,2014-10-21,10.57,10.495,10.765,10.486,000776
1119,2014-10-22,10.533,10.31,10.56,10.291,000776
1120,2014-10-23,10.263,10.282,10.412,10.235,000776
1121,2014-10-24,10.31,10.235,10.375,10.198,000776
1122,2014-10-27,10.077,9.882,10.087,9.864,000776
1123,2014-10-28,9.929,10.189,10.198,9.92,000776
1124,2014-10-29,10.217,10.412,10.616,10.161,000776
1125,2014-10-30,10.421,10.449,10.56,10.328,000776
1126,2014-10-31,10.533,10.793,10.923,10.449,000776
1127,2014-11-03,10.932,10.876,11.229,10.82,000776
1128,2014-11-04,10.82,10.858,11.071,10.765,000776
1129,2014-11-05,10.923,11.099,11.387,10.811,000776
1130,2014-11-06,11.108,11.164,11.303,10.923,000776
1131,2014-11-07,11.229,11.582,12.149,11.22,000776
1132,2014-11-10,12.046,12.121,12.167,11.675,000776
1133,2014-11-11,12.195,12.037,12.678,11.721,000776
1134,2014-11-12,11.889,12.52,12.548,11.796,000776
1135,2014-11-13,12.548,12.409,12.873,12.297,000776
1136,2014-11-14,12.288,12.511,12.669,12.074,000776
1137,2014-11-24,13.765,13.765,13.765,13.765,000776
1138,2014-11-25,14.387,14.573,15.009,14.211,000776
1139,2014-11-26,14.731,15.502,15.669,14.619,000776
1140,2014-11-27,15.632,17.043,17.043,15.251,000776
1141,2014-11-28,16.718,16.635,17.229,16.347,000776
1142,2014-12-01,16.969,17.034,17.74,16.328,000776
1143,2014-12-02,16.718,18.353,18.622,16.588,000776
1144,2014-12-03,18.659,18.492,19.774,17.721,000776
1145,2014-12-04,18.437,20.341,20.341,18.13,000776
1146,2014-12-05,21.316,22.375,22.375,20.545,000776
1147,2014-12-08,21.929,24.613,24.613,21.084,000776
1148,2014-12-09,24.613,23.192,27.074,22.152,000776
1149,2014-12-10,23.545,23.424,24.344,20.991,000776
1150,2014-12-11,22.486,21.827,23.777,21.659,000776
1151,2014-12-12,21.362,22.207,23.489,21.362,000776
1152,2014-12-15,22.282,23.22,23.489,21.882,000776
1153,2014-12-16,23.266,25.542,25.542,23.099,000776
1154,2014-12-17,26.638,26.285,27.325,24.502,000776
1155,2014-12-18,25.328,24.0,25.737,23.666,000776
1156,2014-12-19,23.963,23.034,24.381,22.031,000776
1157,2014-12-22,22.644,22.765,23.721,21.529,000776
1158,2014-12-23,22.802,22.941,23.536,22.57,000776
1159,2014-12-24,23.415,21.39,23.666,21.028,000776
1160,2014-12-25,21.437,22.115,22.523,20.991,000776
1161,2014-12-26,22.105,24.325,24.325,22.012,000776
1162,2014-12-29,25.105,23.591,25.17,23.22,000776
1163,2014-12-30,23.601,23.907,24.632,22.663,000776
1164,2014-12-31,23.963,24.102,25.04,23.508,000776
1165,2015-01-05,24.307,24.204,24.613,23.406,000776
1166,2015-01-06,23.87,24.994,25.895,23.638,000776
1167,2015-01-07,25.003,25.542,26.647,24.845,000776
1168,2015-01-08,25.542,24.362,25.904,24.037,000776
1169,2015-01-09,24.288,24.056,25.505,23.87,000776
1170,2015-01-12,24.511,24.409,25.077,23.87,000776
1171,2015-01-13,24.195,23.396,24.427,23.238,000776
1172,2015-01-14,23.452,23.601,24.065,23.127,000776
1173,2015-01-15,23.582,24.399,24.511,22.988,000776
1174,2015-01-16,24.427,24.093,24.585,23.851,000776
1175,2015-01-19,21.687,21.687,21.687,21.687,000776
1176,2015-01-20,19.876,20.071,20.851,19.607,000776
1177,2015-01-21,20.452,21.511,21.873,20.35,000776
1178,2015-01-22,21.511,21.92,22.291,21.362,000776
1179,2015-01-23,22.17,22.263,23.192,22.04,000776
1180,2015-01-26,22.198,21.827,22.272,21.464,000776
1181,2015-01-27,21.715,21.502,21.994,21.028,000776
1182,2015-01-28,21.362,21.362,22.059,21.158,000776
1183,2015-01-29,20.786,20.721,21.046,20.443,000776
1184,2015-01-30,20.954,20.341,21.056,20.341,000776
1185,2015-02-02,19.7,19.737,20.257,19.347,000776
1186,2015-02-03,20.108,20.712,20.824,19.83,000776
1187,2015-02-04,20.786,20.563,21.511,20.536,000776
1188,2015-02-05,21.539,20.731,21.594,20.712,000776
1189,2015-02-06,20.433,20.628,21.13,20.081,000776
1190,2015-02-09,20.443,21.325,21.697,20.433,000776
1191,2015-02-10,21.362,21.622,22.012,21.251,000776
1192,2015-02-11,21.715,21.734,21.985,21.399,000776
1193,2015-02-12,21.882,21.613,21.892,21.279,000776
1194,2015-02-13,21.706,21.975,22.542,21.706,000776
1195,2015-02-16,21.715,21.659,21.91,21.464,000776
1196,2015-02-17,21.734,21.706,22.189,21.604,000776
1197,2015-02-25,21.734,21.195,21.743,21.176,000776
1198,2015-02-26,21.186,22.142,22.245,20.777,000776
1199,2015-02-27,22.142,21.957,22.384,21.873,000776
1200,2015-03-02,22.421,22.56,22.997,22.068,000776
1201,2015-03-03,22.375,21.548,22.384,21.502,000776
1202,2015-03-04,21.548,21.39,21.734,21.223,000776
1203,2015-03-05,21.26,21.307,21.687,20.972,000776
1204,2015-03-06,21.567,21.437,22.087,21.362,000776
1205,2015-03-09,20.619,20.814,20.972,20.173,000776
1206,2015-03-10,20.759,20.656,21.093,20.387,000776
1207,2015-03-11,20.712,20.601,21.065,20.545,000776
1208,2015-03-12,20.721,21.056,21.232,20.526,000776
1209,2015-03-13,21.251,21.176,21.789,21.056,000776
1210,2015-03-16,21.381,21.808,22.068,21.074,000776
1211,2015-03-17,22.393,22.56,22.755,22.096,000776
1212,2015-03-18,22.885,23.452,23.628,22.885,000776
1213,2015-03-19,23.591,23.211,23.777,23.062,000776
1214,2015-03-20,23.303,24.381,25.384,22.867,000776
1215,2015-03-23,24.743,24.873,25.059,24.381,000776
1216,2015-03-24,24.892,24.511,25.328,23.991,000776
1217,2015-03-25,24.567,24.028,25.124,23.981,000776
1218,2015-03-26,23.777,23.963,24.511,23.433,000776
1219,2015-03-27,24.019,24.78,25.458,24.0,000776
1220,2015-03-30,24.78,25.607,25.895,24.437,000776
1221,2015-03-31,26.043,25.913,28.031,25.728,000776
1222,2015-04-01,26.127,26.61,26.916,25.709,000776
1223,2015-04-02,26.944,26.285,27.111,25.848,000776
1224,2015-04-03,25.997,27.009,27.102,25.969,000776
1225,2015-04-07,27.502,27.474,27.678,26.879,000776
1226,2015-04-08,27.632,28.337,28.876,27.111,000776
1227,2015-04-09,29.526,28.681,30.539,28.282,000776
1228,2015-04-10,28.57,28.43,28.653,27.836,000776
1229,2015-04-13,28.43,27.854,28.588,27.418,000776
1230,2015-04-14,27.678,27.697,28.096,26.926,000776
1231,2015-04-15,27.399,26.415,27.409,26.285,000776
1232,2015-04-16,26.248,26.814,27.149,26.025,000776
1233,2015-04-17,27.074,26.907,27.492,26.656,000776
1234,2015-04-20,26.935,25.588,27.028,25.533,000776
1235,2015-04-21,25.635,26.796,27.028,25.635,000776
1236,2015-04-22,27.074,28.347,28.774,26.749,000776
1237,2015-04-23,28.467,27.771,29.025,27.455,000776
1238,2015-04-24,27.214,26.656,27.399,26.238,000776
1239,2015-04-27,26.749,26.861,27.446,26.545,000776
1240,2015-04-28,26.907,26.563,27.195,26.443,000776
1241,2015-04-29,26.471,26.517,26.824,26.015,000776
1242,2015-04-30,26.536,26.201,26.749,26.192,000776
1243,2015-05-04,26.155,25.904,26.378,25.728,000776
1244,2015-05-05,25.96,25.003,26.573,24.715,000776
1245,2015-05-06,25.207,25.031,25.969,24.78,000776
1246,2015-05-07,25.031,25.365,25.56,24.892,000776
1247,2015-05-08,25.73,25.458,25.992,25.009,000776
1248,2015-05-11,25.486,26.328,26.375,25.477,000776
1249,2015-05-12,26.338,26.59,27.292,25.842,000776
1250,2015-05-13,26.553,26.076,26.553,25.73,000776
1251,2015-05-14,26.085,25.814,26.338,25.608,000776
1252,2015-05-15,25.636,24.794,25.72,24.7,000776
1253,2015-05-18,24.495,24.298,24.794,24.27,000776
1254,2015-05-19,24.298,25.982,26.665,24.298,000776
1255,2015-05-20,26.066,25.617,26.095,25.449,000776
1256,2015-05-21,25.636,25.645,25.898,25.281,000776
1257,2015-05-22,25.926,26.431,26.787,25.917,000776
1258,2015-05-25,26.459,27.217,27.685,26.459,000776
1259,2015-05-26,27.339,27.311,27.601,26.618,000776
1260,2015-05-27,27.33,26.974,27.507,26.946,000776
1261,2015-05-28,26.927,24.317,26.946,24.279,000776
1262,2015-05-29,24.7,24.167,24.888,23.718,000776
1263,2015-06-01,24.607,25.542,25.917,24.139,000776
1264,2015-06-02,25.524,25.468,25.692,25.075,000776
1265,2015-06-03,25.673,25.252,25.87,24.953,000776
1266,2015-06-04,25.402,25.589,25.879,23.858,000776
1267,2015-06-05,26.478,26.282,26.74,25.589,000776
1268,2015-06-08,26.338,27.825,28.013,26.226,000776
1269,2015-06-09,27.853,27.021,28.162,26.759,000776
1270,2015-06-10,26.693,26.609,27.058,26.441,000776
1271,2015-06-11,26.478,26.151,26.647,25.992,000776
1272,2015-06-12,26.216,26.16,26.712,26.01,000776
1273,2015-06-15,26.656,25.365,26.787,25.262,000776
1274,2015-06-16,25.168,25.075,25.851,24.869,000776
1275,2015-06-17,25.224,25.327,25.533,24.551,000776
1276,2015-06-18,25.168,24.251,25.252,23.943,000776
1277,2015-06-19,23.98,23.269,24.757,23.269,000776
1278,2015-06-23,23.363,24.083,24.214,22.679,000776
1279,2015-06-24,24.289,24.205,24.317,23.765,000776
1280,2015-06-25,24.326,23.512,24.747,23.11,000776
1281,2015-06-26,23.147,21.164,23.952,21.164,000776
1282,2015-06-29,21.791,19.648,21.894,19.049,000776
1283,2015-06-30,19.377,21.192,21.444,18.731,000776
1284,2015-07-01,21.052,19.779,21.547,19.583,000776
1285,2015-07-02,20.443,19.695,20.677,19.068,000776
1286,2015-07-03,19.555,18.6,20.238,18.114,000776
1287,2015-07-06,20.462,19.723,20.462,18.189,000776
1288,2015-07-07,19.031,18.993,19.742,17.749,000776
1289,2015-07-08,17.094,17.094,17.487,17.094,000776
1290,2015-07-09,17.094,18.806,18.806,15.428,000776
1291,2015-07-10,18.993,20.687,20.687,18.722,000776
1292,2015-07-13,20.64,20.911,21.744,19.854,000776
1293,2015-07-14,20.116,19.648,20.659,19.508,000776
1294,2015-07-15,19.264,18.058,19.901,17.833,000776
1295,2015-07-16,18.058,18.245,18.9,17.599,000776
1296,2015-07-17,18.357,19.302,19.545,18.32,000776
1297,2015-07-20,19.283,18.834,19.489,18.525,000776
1298,2015-07-21,18.572,18.956,19.48,18.226,000776
1299,2015-07-22,18.797,18.628,19.059,18.432,000776
1300,2015-07-23,18.647,19.143,19.321,18.638,000776
1301,2015-07-24,19.264,18.544,19.414,18.413,000776
1302,2015-07-27,18.198,16.692,18.338,16.692,000776
1303,2015-07-28,16.299,17.973,18.357,15.531,000776
1304,2015-07-29,17.777,18.058,18.273,17.215,000776
1305,2015-07-30,17.861,17.15,18.235,17.047,000776
1306,2015-07-31,16.841,17.449,17.59,16.841,000776
1307,2015-08-03,17.122,17.842,17.87,17.028,000776
1308,2015-08-04,17.777,18.095,18.189,17.431,000776
1309,2015-08-05,17.964,17.468,18.011,17.468,000776
1310,2015-08-06,17.215,17.028,17.468,16.916,000776
1311,2015-08-07,17.028,17.187,17.487,17.019,000776
1312,2015-08-10,17.225,18.254,18.516,17.122,000776
1313,2015-08-11,18.001,17.87,18.32,17.777,000776
1314,2015-08-12,17.73,17.683,18.329,17.637,000776
1315,2015-08-13,17.683,17.917,17.983,17.403,000776
1316,2015-08-14,18.048,18.058,18.245,17.852,000776
1317,2015-08-17,18.029,17.777,18.029,17.543,000776
1318,2015-08-18,17.87,16.299,18.507,16.186,000776
1319,2015-08-19,15.906,16.523,16.626,15.559,000776
1320,2015-08-20,16.299,15.784,16.476,15.765,000776
1321,2015-08-21,15.578,14.409,15.896,14.409,000776
1322,2015-08-24,13.941,12.968,14.034,12.968,000776
1323,2015-08-25,11.854,11.667,12.519,11.667,000776
1324,2015-08-26,11.508,11.199,12.294,10.76,000776
1325,2015-08-27,11.592,12.163,12.163,11.265,000776
1326,2015-08-28,12.303,12.678,12.818,11.995,000776
1327,2015-08-31,12.678,12.594,12.678,11.798,000776
1328,2015-09-01,12.313,12.996,13.024,11.63,000776
1329,2015-09-02,12.303,13.183,13.351,12.257,000776
1330,2015-09-07,13.005,12.631,13.501,12.575,000776
1331,2015-09-08,12.584,13.043,13.099,12.163,000776
1332,2015-09-09,13.117,13.417,13.651,13.015,000776
1333,2015-09-10,13.192,13.099,13.436,13.024,000776
1334,2015-09-11,13.089,13.099,13.277,13.005,000776
1335,2015-09-14,13.024,12.172,13.099,11.789,000776
1336,2015-09-15,11.957,11.751,12.322,11.649,000776
1337,2015-09-16,11.836,12.65,12.799,11.742,000776
1338,2015-09-17,12.65,12.444,13.08,12.444,000776
1339,2015-09-18,12.556,12.556,12.799,12.406,000776
1340,2015-09-21,12.397,12.753,12.79,12.313,000776
1341,2015-09-22,12.762,13.277,13.604,12.762,000776
1342,2015-09-23,13.033,12.706,13.146,12.687,000776
1343,2015-09-24,12.846,12.706,12.958,12.509,000776
1344,2015-09-25,12.547,12.21,12.734,12.07,000776
1345,2015-09-28,12.257,12.294,12.36,12.079,000776
1346,2015-09-29,12.088,12.201,12.491,11.901,000776
1347,2015-09-30,12.257,12.257,12.565,12.172,000776
1348,2015-10-08,13.005,12.865,13.192,12.734,000776
1349,2015-10-09,12.837,13.323,13.436,12.837,000776
1350,2015-10-12,13.398,14.081,14.446,13.248,000776
1351,2015-10-13,13.941,14.09,14.203,13.875,000776
1352,2015-10-14,13.941,13.847,14.315,13.763,000776
1353,2015-10-15,13.763,14.296,14.334,13.754,000776
1354,2015-10-16,14.446,14.586,14.839,14.221,000776
1355,2015-10-19,14.661,14.867,15.466,14.521,000776
1356,2015-10-20,14.876,15.101,15.148,14.708,000776
1357,2015-10-21,15.082,14.016,15.138,13.894,000776
1358,2015-10-22,14.128,14.306,14.334,13.81,000776
1359,2015-10-23,14.418,14.708,14.83,14.25,000776
1360,2015-10-26,15.138,15.064,15.644,14.858,000776
1361,2015-10-27,14.876,14.951,15.007,14.25,000776
1362,2015-10-28,14.811,14.455,15.204,14.455,000776
1363,2015-10-29,14.483,14.455,14.783,14.409,000776
1364,2015-10-30,14.455,14.652,15.232,14.109,000776
1365,2015-11-02,14.352,14.203,14.783,14.175,000776
1366,2015-11-03,14.24,14.25,14.474,14.09,000776
1367,2015-11-04,14.362,15.672,15.672,14.343,000776
1368,2015-11-05,16.074,16.748,17.244,16.018,000776
1369,2015-11-06,16.654,18.422,18.422,16.289,000776
1370,2015-11-09,18.6,18.048,19.227,17.973,000776
1371,2015-11-10,17.702,18.647,19.639,17.665,000776
1372,2015-11-11,18.516,19.012,19.461,18.114,000776
1373,2015-11-12,19.04,18.394,19.049,18.245,000776
1374,2015-11-13,18.067,18.357,18.853,18.02,000776
1375,2015-11-16,17.917,18.02,18.067,17.674,000776
1376,2015-11-17,18.291,18.142,19.33,18.123,000776
1377,2015-11-18,18.114,17.58,18.787,17.403,000776
1378,2015-11-19,17.608,17.852,17.852,17.403,000776
1379,2015-11-20,17.936,17.693,17.992,17.599,000776
1380,2015-11-23,17.777,17.758,18.207,17.571,000776
1381,2015-11-24,17.646,18.142,18.366,17.608,000776
1382,2015-11-25,18.095,18.245,18.357,17.833,000776
1383,2015-11-26,18.422,18.058,18.825,18.039,000776
1384,2015-11-27,17.73,16.289,17.889,16.252,000776
1385,2015-11-30,16.401,16.467,16.785,15.728,000776
1386,2015-12-01,16.448,16.701,16.729,16.308,000776
1387,2015-12-02,16.785,18.376,18.376,16.71,000776
1388,2015-12-03,18.628,18.806,19.629,18.245,000776
1389,2015-12-04,18.441,18.928,19.358,18.086,000776
1390,2015-12-07,18.797,18.544,18.862,18.207,000776
1391,2015-12-08,18.301,18.104,18.712,17.674,000776
1392,2015-12-09,17.964,18.058,18.291,17.665,000776
1393,2015-12-10,18.151,17.917,18.956,17.917,000776
1394,2015-12-11,17.468,17.739,18.366,17.094,000776
1395,2015-12-14,17.403,19.517,19.517,17.346,000776
1396,2015-12-15,19.639,18.9,19.639,18.815,000776
1397,2015-12-16,19.124,19.461,20.022,19.003,000776
1398,2015-12-17,19.76,19.788,20.462,19.414,000776
1399,2015-12-18,19.629,19.573,20.078,19.414,000776
1400,2015-12-21,19.452,20.163,20.565,19.386,000776
1401,2015-12-22,20.097,20.247,20.453,19.854,000776
1402,2015-12-23,20.378,20.397,21.856,20.238,000776
1403,2015-12-24,19.985,19.667,20.228,19.19,000776
1404,2015-12-25,19.639,19.601,19.854,19.283,000776
1405,2015-12-28,19.854,18.712,19.901,18.666,000776
1406,2015-12-29,18.61,18.89,18.984,18.553,000776
1407,2015-12-30,18.918,18.638,19.031,18.291,000776
1408,2015-12-31,18.638,18.198,18.834,18.17,000776
1409,2016-01-04,18.058,16.392,18.217,16.383,000776
1410,2016-01-05,15.775,16.617,16.813,15.765,000776
1411,2016-01-06,16.598,16.982,17.113,16.373,000776
1412,2016-01-07,16.476,15.447,16.617,15.382,000776
1413,2016-01-08,15.896,15.84,16.579,15.064,000776
1414,2016-01-11,15.297,14.596,15.513,14.558,000776
1415,2016-01-12,14.97,14.83,15.279,14.596,000776
1416,2016-01-13,14.923,14.689,15.232,14.671,000776
1417,2016-01-14,14.231,15.241,15.279,14.156,000776
1418,2016-01-15,15.213,14.783,15.4,14.577,000776
1419,2016-01-18,14.409,14.83,15.082,14.409,000776
1420,2016-01-19,14.858,15.4,15.503,14.717,000776
1421,2016-01-20,15.251,15.129,15.522,15.026,000776
1422,2016-01-21,14.933,14.334,15.335,14.324,000776
1423,2016-01-22,14.549,14.493,14.652,14.034,000776
1424,2016-01-25,14.633,14.54,14.783,14.474,000776
1425,2016-01-26,14.334,13.099,14.418,13.089,000776
1426,2016-01-27,13.174,12.584,13.239,12.182,000776
1427,2016-01-28,12.528,12.219,12.893,12.107,000776
1428,2016-01-29,12.285,12.902,13.033,12.275,000776
1429,2016-02-01,12.846,12.631,12.893,12.416,000776
1430,2016-02-02,12.622,13.033,13.202,12.584,000776
1431,2016-02-03,12.874,12.921,12.986,12.65,000776
1432,2016-02-04,13.033,13.061,13.277,12.977,000776
1433,2016-02-05,12.912,12.696,12.996,12.659,000776
1434,2016-02-15,12.341,12.556,12.687,12.294,000776
1435,2016-02-16,12.706,13.277,13.342,12.659,000776
1436,2016-02-17,13.267,13.398,13.445,13.108,000776
1437,2016-02-18,13.548,13.323,13.913,13.286,000776
1438,2016-02-19,13.323,13.361,13.473,13.211,000776
1439,2016-02-22,13.595,13.8,14.072,13.454,000776
1440,2016-02-23,13.819,13.557,13.819,13.37,000776
1441,2016-02-24,13.482,13.66,13.698,13.286,000776
1442,2016-02-25,13.585,12.444,13.613,12.303,000776
1443,2016-02-26,12.612,12.519,12.696,12.219,000776
1444,2016-02-29,12.444,11.976,12.453,11.686,000776
1445,2016-03-01,12.013,12.472,12.902,11.929,000776
1446,2016-03-02,12.594,13.716,13.716,12.528,000776
1447,2016-03-03,13.632,13.595,13.847,13.492,000776
1448,2016-03-04,13.52,13.51,13.829,13.286,000776
1449,2016-03-07,13.772,13.613,13.885,13.548,000776
1450,2016-03-08,13.567,13.52,13.604,12.902,000776
1451,2016-03-09,13.127,13.183,13.379,13.033,000776
1452,2016-03-10,13.164,12.809,13.286,12.771,000776
1453,2016-03-11,12.631,12.94,13.08,12.528,000776
1454,2016-03-14,13.127,13.529,13.931,13.08,000776
1455,2016-03-15,13.436,13.407,13.529,13.211,000776
1456,2016-03-16,13.417,13.361,13.716,13.267,000776
1457,2016-03-17,13.548,13.866,14.119,13.389,000776
1458,2016-03-18,13.922,14.427,14.624,13.885,000776
1459,2016-03-21,15.054,15.868,15.868,14.961,000776
1460,2016-03-22,15.7,15.4,15.84,15.251,000776
1461,2016-03-23,15.297,15.812,15.859,15.232,000776
1462,2016-03-24,15.587,15.101,15.644,15.101,000776
1463,2016-03-25,15.082,15.279,15.372,15.007,000776
1464,2016-03-28,15.344,15.12,15.681,15.026,000776
1465,2016-03-29,15.129,14.979,15.326,14.727,000776
1466,2016-03-30,15.232,15.625,15.681,15.232,000776
1467,2016-03-31,15.737,15.644,16.027,15.457,000776
1468,2016-04-01,15.541,15.531,15.784,15.176,000776
1469,2016-04-05,15.438,15.849,16.055,15.382,000776
1470,2016-04-06,15.718,15.803,16.018,15.625,000776
1471,2016-04-07,15.878,15.41,15.962,15.354,000776
1472,2016-04-08,15.279,15.101,15.279,14.876,000776
1473,2016-04-11,15.7,15.569,15.896,15.541,000776
1474,2016-04-12,15.344,15.457,15.559,15.26,000776
1475,2016-04-13,15.662,16.111,16.504,15.653,000776
1476,2016-04-14,16.205,16.27,16.327,16.046,000776
1477,2016-04-15,16.186,16.111,16.317,15.952,000776
1478,2016-04-18,15.906,15.606,15.906,15.494,000776
1479,2016-04-19,15.775,15.718,15.831,15.522,000776
1480,2016-04-20,15.718,15.148,15.747,14.745,000776
1481,2016-04-21,15.092,15.035,15.326,14.979,000776
1482,2016-04-22,14.97,15.223,15.251,14.904,000776
1483,2016-04-25,15.073,14.951,15.101,14.802,000776
1484,2016-04-26,14.961,15.101,15.204,14.811,000776
1485,2016-04-27,15.082,14.876,15.129,14.839,000776
1486,2016-04-28,14.951,14.82,15.007,14.661,000776
1487,2016-04-29,14.736,14.792,14.867,14.699,000776
1488,2016-05-03,14.764,15.241,15.391,14.764,000776
1489,2016-05-04,15.12,15.157,15.279,15.092,000776
1490,2016-05-05,15.12,15.185,15.241,15.064,000776
1491,2016-05-06,15.213,14.699,15.279,14.699,000776
1492,2016-05-09,14.596,14.184,14.596,14.044,000776
1493,2016-05-10,14.147,14.24,14.287,14.128,000776
1494,2016-05-11,14.352,14.184,14.371,14.128,000776
1495,2016-05-12,14.044,14.352,14.362,13.857,000776
1496,2016-05-13,14.324,14.24,14.409,14.137,000776
1497,2016-05-16,14.119,14.343,14.362,14.081,000776
1498,2016-05-17,14.343,14.352,14.502,14.175,000776
1499,2016-05-18,14.25,14.278,14.334,14.062,000776
1500,2016-05-19,14.193,14.203,14.418,14.184,000776
1501,2016-05-20,14.137,14.324,14.352,14.081,000776
1502,2016-05-23,14.287,14.324,14.502,14.221,000776
1503,2016-05-24,14.287,14.212,14.315,14.193,000776
1504,2016-05-25,14.324,14.287,14.502,14.25,000776
1505,2016-05-26,14.296,14.324,14.399,14.119,000776
1506,2016-05-27,14.324,14.343,14.427,14.221,000776
1507,2016-05-30,14.278,14.362,14.427,14.137,000776
1508,2016-05-31,14.352,15.391,15.475,14.343,000776
1509,2016-06-01,15.344,15.138,15.466,15.138,000776
1510,2016-06-02,15.195,15.223,15.288,15.082,000776
1511,2016-06-03,15.223,15.335,15.457,15.148,000776
1512,2016-06-06,15.419,15.195,15.447,15.157,000776
1513,2016-06-07,15.251,15.26,15.41,15.213,000776
1514,2016-06-08,15.269,15.185,15.279,15.045,000776
1515,2016-06-13,14.942,14.465,14.989,14.465,000776
1516,2016-06-14,14.418,14.512,14.652,14.343,000776
1517,2016-06-15,14.296,14.727,14.942,14.231,000776
1518,2016-06-16,14.633,14.427,14.68,14.39,000776
1519,2016-06-17,14.483,14.568,14.82,14.474,000776
1520,2016-06-20,14.596,14.745,14.802,14.512,000776
1521,2016-06-21,14.858,14.895,15.41,14.802,000776
1522,2016-06-22,14.839,15.251,15.297,14.83,000776
1523,2016-06-23,15.232,15.176,15.297,14.998,000776
1524,2016-06-24,15.251,14.961,15.4,14.39,000776
1525,2016-06-27,14.904,15.382,15.41,14.867,000776
1526,2016-06-28,15.288,15.662,15.849,15.195,000776
1527,2016-06-29,15.709,15.606,15.859,15.587,000776
1528,2016-06-30,15.681,15.681,15.793,15.625,000776
1529,2016-07-01,15.709,15.522,15.812,15.466,000776
1530,2016-07-04,15.391,15.999,16.27,15.344,000776
1531,2016-07-05,15.99,16.027,16.214,15.952,000776
1532,2016-07-06,16.018,15.999,16.055,15.831,000776
1533,2016-07-07,16.046,15.999,16.121,15.775,000776
1534,2016-07-08,15.943,15.952,16.093,15.868,000776
1535,2016-07-11,15.952,15.934,16.233,15.915,000776
1536,2016-07-12,15.971,16.261,16.27,15.849,000776
1537,2016-07-13,16.299,16.28,16.589,16.196,000776
1538,2016-07-14,16.186,16.242,16.373,16.13,000776
1539,2016-07-15,16.261,16.083,16.299,16.037,000776
1540,2016-07-18,15.915,15.672,15.98,15.625,000776
1541,2016-07-19,15.7,15.718,15.793,15.587,000776
1542,2016-07-20,15.737,15.653,15.821,15.644,000776
1543,2016-07-21,15.718,15.756,15.915,15.69,000776
1544,2016-07-22,15.7,15.653,15.775,15.625,000776
1545,2016-07-25,15.634,15.616,15.737,15.606,000776
1546,2016-07-26,15.634,15.831,15.849,15.606,000776
1547,2016-07-27,15.849,15.335,15.887,15.11,000776
1548,2016-07-28,15.316,15.166,15.391,14.933,000776
1549,2016-07-29,15.185,15.204,15.326,15.026,000776
1550,2016-08-01,15.185,15.129,15.335,15.026,000776
1551,2016-08-02,15.166,15.185,15.213,15.092,000776
1552,2016-08-03,15.157,15.166,15.204,15.101,000776
1553,2016-08-04,15.195,15.213,15.251,15.082,000776
1554,2016-08-05,15.213,15.522,15.793,15.166,000776
1555,2016-08-08,15.4,15.625,15.634,15.344,000776
1556,2016-08-09,15.616,15.737,15.831,15.541,000776
1557,2016-08-10,15.709,15.728,15.887,15.587,000776
1558,2016-08-11,15.793,15.849,16.055,15.737,000776
1559,2016-08-12,15.765,16.177,16.177,15.737,000776
1560,2016-08-15,16.242,17.0,17.543,16.13,000776
1561,2016-08-16,16.935,16.972,17.197,16.86,000776
1562,2016-08-17,17.169,17.01,17.87,16.963,000776
1563,2016-08-18,16.841,16.888,17.244,16.701,000776
1564,2016-08-19,16.841,16.813,16.925,16.654,000776
1565,2016-08-22,16.776,16.57,16.888,16.495,000776
1566,2016-08-23,16.626,16.729,16.785,16.561,000776
1567,2016-08-24,16.65,16.395,16.66,16.376,000776
1568,2016-08-25,16.317,16.405,16.532,16.219,000776
1569,2016-08-26,16.454,16.336,16.532,16.278,000776
1570,2016-08-29,16.336,16.474,16.493,16.297,000776
1571,2016-08-30,16.503,16.483,16.62,16.405,000776
1572,2016-08-31,16.503,16.503,16.63,16.385,000776
1573,2016-09-01,16.542,16.317,16.562,16.317,000776
1574,2016-09-02,16.287,16.327,16.581,16.248,000776
1575,2016-09-05,16.415,16.356,16.503,16.248,000776
1576,2016-09-06,16.336,16.571,16.571,16.258,000776
1577,2016-09-07,16.591,16.552,16.62,16.493,000776
1578,2016-09-08,16.542,16.454,16.571,16.425,000776
1579,2016-09-09,16.464,16.552,16.836,16.425,000776
1580,2016-09-12,16.258,16.18,16.385,16.121,000776
1581,2016-09-13,16.268,16.013,16.307,15.964,000776
1582,2016-09-14,15.915,15.788,16.033,15.749,000776
1583,2016-09-19,15.817,15.857,15.915,15.817,000776
1584,2016-09-20,15.866,15.759,15.896,15.69,000776
1585,2016-09-21,15.808,15.896,15.994,15.729,000776
1586,2016-09-22,16.023,15.964,16.16,15.954,000776
1587,2016-09-23,15.984,15.798,16.013,15.768,000776
1588,2016-09-26,15.778,15.612,15.827,15.563,000776
1589,2016-09-27,15.563,15.817,15.837,15.543,000776
1590,2016-09-28,15.817,15.7,15.837,15.68,000776
1591,2016-09-29,15.788,15.964,16.043,15.749,000776
1592,2016-09-30,15.935,16.033,16.072,15.876,000776
1593,2016-10-10,16.15,16.366,16.415,16.052,000776
1594,2016-10-11,16.366,16.385,16.542,16.258,000776
1595,2016-10-12,16.336,16.307,16.385,16.209,000776
1596,2016-10-13,16.317,16.307,16.385,16.209,000776
1597,2016-10-14,16.317,16.307,16.366,16.16,000776
1598,2016-10-17,16.317,16.062,16.395,16.043,000776
1599,2016-10-18,16.052,16.552,16.581,16.023,000776
1600,2016-10-19,16.571,16.474,16.611,16.405,000776
1601,2016-10-20,16.493,16.552,16.581,16.415,000776
1602,2016-10-21,16.523,16.738,16.875,16.483,000776
1603,2016-10-24,16.748,17.267,17.59,16.709,000776
1604,2016-10-25,17.169,17.11,17.316,17.022,000776
1605,2016-10-26,17.14,17.051,17.257,16.973,000776
1606,2016-10-27,17.051,16.934,17.091,16.807,000776
1607,2016-10-28,17.091,16.993,17.512,16.993,000776
1608,2016-10-31,16.846,17.042,17.198,16.66,000776
1609,2016-11-01,17.1,17.247,17.355,17.012,000776
1610,2016-11-02,17.218,17.071,17.453,17.061,000776
1611,2016-11-03,16.983,17.424,17.825,16.934,000776
1612,2016-11-04,17.512,17.649,17.786,17.443,000776
1613,2016-11-07,17.727,17.522,17.776,17.453,000776
1614,2016-11-08,17.717,17.619,17.874,17.541,000776
1615,2016-11-09,17.58,17.316,17.688,17.022,000776
1616,2016-11-10,17.561,17.835,18.109,17.561,000776
1617,2016-11-11,17.913,18.393,18.569,17.708,000776
1618,2016-11-14,18.305,18.687,19.196,18.217,000776
1619,2016-11-15,18.589,18.491,18.765,18.393,000776
1620,2016-11-16,18.54,18.765,18.893,18.432,000776
1621,2016-11-17,18.618,18.765,18.854,18.462,000776
1622,2016-11-18,18.609,18.295,18.638,18.217,000776
1623,2016-11-21,18.168,18.334,18.56,18.129,000776
1624,2016-11-22,18.511,18.609,19.089,18.462,000776
1625,2016-11-23,18.609,18.579,18.893,18.56,000776
1626,2016-11-24,18.511,19.255,19.471,18.472,000776
1627,2016-11-25,19.138,19.382,19.431,18.785,000776
1628,2016-11-28,19.735,19.294,19.764,19.177,000776
1629,2016-11-29,19.098,19.294,19.539,18.814,000776
1630,2016-11-30,19.196,19.147,19.353,18.942,000776
1631,2016-12-01,19.089,19.353,19.353,19.0,000776
1632,2016-12-02,19.343,18.922,19.422,18.873,000776
1633,2016-12-05,18.511,17.727,18.628,17.678,000776
1634,2016-12-06,17.786,18.041,18.148,17.776,000776
1635,2016-12-07,18.001,18.05,18.09,17.855,000776
1636,2016-12-08,18.099,17.884,18.139,17.884,000776
1637,2016-12-09,17.884,17.894,18.07,17.845,000776
1638,2016-12-12,17.845,17.179,17.864,16.993,000776
1639,2016-12-13,17.189,17.159,17.286,17.022,000776
1640,2016-12-14,17.169,16.748,17.189,16.738,000776
1641,2016-12-15,16.728,16.699,16.934,16.532,000776
1642,2016-12-16,16.748,16.797,16.807,16.65,000776
1643,2016-12-19,16.797,16.562,16.797,16.532,000776
1644,2016-12-20,16.454,16.474,16.542,16.336,000776
1645,2016-12-21,16.503,16.679,16.777,16.503,000776
1646,2016-12-22,16.669,16.63,16.699,16.503,000776
1647,2016-12-23,16.571,16.444,16.62,16.444,000776
1648,2016-12-26,16.356,16.611,16.62,16.141,000776
1649,2016-12-27,16.601,16.562,16.709,16.542,000776
1650,2016-12-28,16.523,16.395,16.669,16.376,000776
1651,2016-12-29,16.395,16.405,16.62,16.297,000776
1652,2016-12-30,16.425,16.513,16.562,16.425,000776
1653,2017-01-03,16.532,16.758,16.836,16.532,000776
1654,2017-01-04,16.758,16.836,16.856,16.728,000776
1655,2017-01-05,16.856,16.865,16.924,16.777,000776
1656,2017-01-06,16.865,16.699,16.865,16.669,000776
1657,2017-01-09,16.718,16.709,16.777,16.552,000776
1658,2017-01-10,16.709,16.758,16.797,16.64,000776
1659,2017-01-11,16.816,16.914,17.1,16.748,000776
1660,2017-01-12,16.856,16.895,17.12,16.836,000776
1661,2017-01-13,16.904,16.895,17.12,16.699,000776
1662,2017-01-16,16.895,16.65,16.924,16.17,000776
1663,2017-01-17,16.542,16.571,16.63,16.376,000776
1664,2017-01-18,16.571,16.571,16.738,16.513,000776
1665,2017-01-19,16.532,16.571,16.699,16.513,000776
1666,2017-01-20,16.532,16.797,16.836,16.532,000776
1667,2017-01-23,16.826,16.963,17.071,16.816,000776
1668,2017-01-24,16.983,16.875,17.022,16.865,000776
1669,2017-01-25,16.856,17.012,17.032,16.846,000776
1670,2017-01-26,17.042,17.149,17.247,17.022,000776
1671,2017-02-03,17.189,16.895,17.218,16.865,000776
1672,2017-02-06,16.904,16.904,17.022,16.797,000776
1673,2017-02-07,16.875,16.777,16.885,16.699,000776
1674,2017-02-08,16.777,17.081,17.11,16.601,000776
1675,2017-02-09,16.993,17.061,17.198,16.973,000776
1676,2017-02-10,17.11,17.208,17.316,17.032,000776
1677,2017-02-13,17.228,17.453,17.61,17.208,000776
1678,2017-02-14,17.453,17.375,17.512,17.335,000776
1679,2017-02-15,17.384,17.306,17.58,17.296,000776
1680,2017-02-16,17.286,17.59,17.639,17.228,000776
1681,2017-02-17,17.688,17.492,18.109,17.473,000776
1682,2017-02-20,17.482,17.698,17.698,17.433,000776
1683,2017-02-21,17.786,17.796,18.09,17.747,000776
1684,2017-02-22,17.766,17.747,17.815,17.659,000776
1685,2017-02-23,17.766,17.463,17.786,17.355,000776
1686,2017-02-24,17.463,17.463,17.561,17.384,000776
1687,2017-02-27,17.473,17.169,17.482,17.159,000776
1688,2017-02-28,17.169,17.218,17.326,17.149,000776
1689,2017-03-01,17.237,17.316,17.443,17.208,000776
1690,2017-03-02,17.404,17.306,17.6,17.296,000776
1691,2017-03-03,17.237,17.189,17.306,17.149,000776
1692,2017-03-06,17.189,17.355,17.384,17.169,000776
1693,2017-03-07,17.286,17.257,17.375,17.159,000776
1694,2017-03-08,17.237,17.13,17.247,17.1,000776
1695,2017-03-09,17.081,16.895,17.081,16.865,000776
1696,2017-03-10,16.865,16.914,17.012,16.856,000776
1697,2017-03-13,16.875,17.051,17.061,16.777,000776
1698,2017-03-14,17.002,16.953,17.1,16.934,000776
1699,2017-03-15,16.963,16.953,17.032,16.934,000776
1700,2017-03-16,17.042,17.306,17.335,17.042,000776
1701,2017-03-17,17.335,16.924,17.404,16.914,000776
1702,2017-03-20,16.924,16.895,16.983,16.767,000776
1703,2017-03-21,16.885,16.826,16.934,16.728,000776
1704,2017-03-22,16.728,16.562,16.807,16.542,000776
1705,2017-03-23,16.571,16.65,16.777,16.356,000776
1706,2017-03-24,16.65,16.914,16.973,16.562,000776
1707,2017-03-27,16.885,16.904,17.071,16.826,000776
1708,2017-03-28,16.953,16.807,17.032,16.807,000776
1709,2017-03-29,16.826,16.738,16.924,16.65,000776
1710,2017-03-30,16.738,16.709,16.875,16.65,000776
1711,2017-03-31,16.748,16.738,16.797,16.64,000776
1712,2017-04-05,16.728,17.002,17.022,16.699,000776
1713,2017-04-06,16.953,16.973,17.081,16.904,000776
1714,2017-04-07,16.963,16.973,17.032,16.904,000776
1715,2017-04-10,16.973,16.748,16.993,16.738,000776
1716,2017-04-11,16.718,16.797,16.836,16.454,000776
1717,2017-04-12,16.797,16.728,16.993,16.669,000776
1718,2017-04-13,16.689,16.699,16.816,16.669,000776
1719,2017-04-14,16.709,16.464,16.709,16.444,000776
1720,2017-04-17,16.434,16.454,16.503,16.297,000776
1721,2017-04-18,16.474,16.219,16.483,16.209,000776
1722,2017-04-19,16.199,16.072,16.199,16.013,000776
1723,2017-04-20,16.072,16.052,16.131,15.954,000776
1724,2017-04-21,16.082,16.297,16.317,16.023,000776
1725,2017-04-24,16.248,16.248,16.356,16.043,000776
1726,2017-04-25,16.278,16.18,16.336,16.16,000776
1727,2017-04-26,16.229,16.385,16.571,16.199,000776
1728,2017-04-27,16.317,16.356,16.415,16.131,000776
1729,2017-04-28,16.366,16.385,16.405,16.248,000776
1730,2017-05-02,16.356,16.19,16.376,16.18,000776
1731,2017-05-03,16.19,16.101,16.307,16.062,000776
1732,2017-05-04,16.101,15.945,16.101,15.896,000776
1733,2017-05-05,15.847,15.524,15.866,15.475,000776
1734,2017-05-08,15.514,15.455,15.553,15.337,000776
1735,2017-05-09,15.445,15.465,15.524,15.386,000776
1736,2017-05-10,15.465,15.269,15.524,15.259,000776
1737,2017-05-11,15.2,15.396,15.435,15.112,000776
1738,2017-05-12,15.396,15.543,15.602,15.357,000776
1739,2017-05-15,15.582,15.759,15.837,15.533,000776
1740,2017-05-16,15.749,15.808,15.808,15.592,000776
1741,2017-05-17,15.817,15.7,15.935,15.7,000776
1742,2017-05-18,15.573,15.484,15.71,15.475,000776
1743,2017-05-19,15.484,15.406,15.592,15.377,000776
1744,2017-05-22,15.367,15.279,15.406,15.142,000776
1745,2017-05-23,15.259,15.377,15.435,15.2,000776
1746,2017-05-24,15.337,15.357,15.386,15.2,000776
1747,2017-05-25,15.357,16.307,16.336,15.308,000776
1748,2017-05-26,16.15,16.239,16.434,16.131,000776
1749,2017-05-31,16.356,16.307,16.483,16.111,000776
1750,2017-06-01,16.258,16.18,16.317,16.141,000776
1751,2017-06-02,16.209,16.141,16.248,15.994,000776
1752,2017-06-05,16.092,16.16,16.258,15.984,000776
1753,2017-06-06,16.16,16.209,16.287,16.111,000776
1754,2017-06-07,16.16,16.395,16.434,16.141,000776
1755,2017-06-08,16.405,16.434,16.493,16.336,000776
1756,2017-06-09,16.434,16.444,16.689,16.336,000776
1757,2017-06-12,16.356,16.082,16.513,16.052,000776
1758,2017-06-13,16.101,16.239,16.366,16.013,000776
1759,2017-06-14,16.239,16.278,16.356,16.141,000776
1760,2017-06-15,16.287,16.444,16.532,16.239,000776
1761,2017-06-16,16.474,16.346,16.513,16.317,000776
1762,2017-06-19,16.376,16.679,16.738,16.376,000776
1763,2017-06-20,16.699,16.767,16.865,16.64,000776
1764,2017-06-21,16.944,16.699,17.032,16.562,000776
1765,2017-06-22,16.65,16.758,17.061,16.591,000776
1766,2017-06-23,16.748,16.679,16.797,16.483,000776
1767,2017-06-26,16.689,16.993,17.012,16.65,000776
1768,2017-06-27,16.973,16.904,17.022,16.846,000776
1769,2017-06-28,16.856,16.816,16.944,16.738,000776
1770,2017-06-29,16.836,16.885,16.904,16.758,000776
1771,2017-06-30,16.816,16.895,16.904,16.64,000776
1772,2017-07-03,16.865,16.777,16.904,16.679,000776
1773,2017-07-04,16.777,16.65,16.777,16.611,000776
1774,2017-07-05,16.75,16.77,16.78,16.63,000776
1775,2017-07-06,16.74,16.85,16.86,16.63,000776
1776,2017-07-07,16.77,16.98,17.08,16.66,000776
1777,2017-07-10,16.96,17.11,17.28,16.94,000776
1778,2017-07-11,17.12,17.19,17.45,17.12,000776
1779,2017-07-12,17.21,17.12,17.34,17.0,000776
1780,2017-07-13,17.16,17.43,17.46,17.07,000776
1781,2017-07-14,17.46,17.42,17.57,17.35,000776
1782,2017-07-17,17.44,17.12,17.67,17.05,000776
1783,2017-07-18,17.07,16.98,17.16,16.75,000776
1784,2017-07-19,16.96,18.03,18.07,16.81,000776
1785,2017-07-20,18.09,17.96,18.21,17.86,000776
1786,2017-07-21,17.93,17.8,18.03,17.65,000776
1787,2017-07-24,17.71,17.78,18.02,17.66,000776
1788,2017-07-25,17.83,17.52,17.87,17.48,000776
1789,2017-07-26,17.58,17.6,17.74,17.41,000776
1790,2017-07-27,17.58,17.6,17.76,17.3,000776
1791,2017-07-28,17.59,17.52,17.65,17.47,000776
1792,2017-07-31,17.5,17.75,17.9,17.42,000776
1793,2017-08-01,17.81,17.95,18.15,17.77,000776
1794,2017-08-02,18.0,18.0,18.28,17.81,000776
1795,2017-08-03,17.97,17.82,18.08,17.73,000776
1796,2017-08-04,17.81,17.89,18.2,17.69,000776
1797,2017-08-07,17.78,17.61,17.81,17.47,000776
1798,2017-08-08,17.56,17.66,17.78,17.4,000776
1799,2017-08-09,17.59,17.53,17.6,17.4,000776
1800,2017-08-10,17.45,17.42,17.71,17.3,000776
1801,2017-08-11,17.3,16.92,17.31,16.89,000776
1802,2017-08-14,16.99,17.13,17.18,16.89,000776
1803,2017-08-15,17.17,17.07,17.22,17.0,000776
1804,2017-08-16,17.04,17.11,17.24,16.96,000776
1805,2017-08-17,17.11,17.21,17.23,17.07,000776
1806,2017-08-18,17.15,17.05,17.15,17.01,000776
1807,2017-08-21,17.03,17.22,17.22,17.03,000776
1808,2017-08-22,17.21,17.15,17.28,17.09,000776
1809,2017-08-23,17.18,17.29,17.48,17.11,000776
1810,2017-08-24,17.25,17.09,17.32,17.06,000776
1811,2017-08-25,17.09,17.56,17.61,17.07,000776
1812,2017-08-28,17.84,18.8,19.08,17.84,000776
1813,2017-08-29,18.78,18.67,18.9,18.46,000776
1814,2017-08-30,18.67,18.71,19.27,18.67,000776
1815,2017-08-31,18.8,19.03,19.2,18.79,000776
1816,2017-09-01,19.08,19.38,19.48,18.95,000776
1817,2017-09-04,19.36,19.33,19.58,19.17,000776
1818,2017-09-05,19.43,19.3,19.71,19.24,000776
1819,2017-09-06,19.21,19.19,19.3,18.92,000776
1820,2017-09-07,19.23,18.95,19.39,18.91,000776
1821,2017-09-08,18.98,18.8,19.06,18.75,000776
1822,2017-09-11,18.7,18.84,18.95,18.65,000776
1823,2017-09-12,18.85,19.36,19.57,18.85,000776
1824,2017-09-13,19.36,19.11,19.53,18.99,000776
1825,2017-09-14,19.13,18.89,19.46,18.87,000776
1826,2017-09-15,18.88,18.93,19.19,18.71,000776
1827,2017-09-18,19.08,19.29,19.38,19.0,000776
1828,2017-09-19,19.34,18.98,19.36,18.83,000776
1829,2017-09-20,18.94,19.03,19.08,18.87,000776
1830,2017-09-21,19.06,19.07,19.37,18.99,000776
1831,2017-09-22,19.0,19.03,19.09,18.75,000776
1832,2017-09-25,18.99,18.86,19.02,18.8,000776
1833,2017-09-26,18.86,18.87,18.92,18.78,000776
1834,2017-09-27,18.83,18.81,18.96,18.78,000776
1835,2017-09-28,18.81,18.74,18.86,18.72,000776
1836,2017-09-29,18.84,18.98,19.17,18.83,000776
1837,2017-10-09,19.48,19.08,19.58,19.03,000776
1838,2017-10-10,19.02,19.19,19.19,18.87,000776
1839,2017-10-11,19.16,19.09,19.24,19.04,000776
1840,2017-10-12,19.14,18.98,19.17,18.93,000776
1841,2017-10-13,18.98,18.94,19.04,18.83,000776
1842,2017-10-16,18.95,18.95,19.3,18.85,000776
1843,2017-10-17,18.93,18.66,18.98,18.65,000776
1844,2017-10-18,18.68,18.54,18.73,18.33,000776
1845,2017-10-19,18.5,18.13,18.51,18.11,000776
1846,2017-10-20,18.11,18.17,18.19,18.09,000776
1847,2017-10-23,18.16,18.0,18.17,17.89,000776
1848,2017-10-24,17.99,18.28,18.36,17.97,000776
1849,2017-10-25,18.26,18.46,18.49,18.19,000776
1850,2017-10-26,18.4,18.39,18.69,18.28,000776
1851,2017-10-27,18.41,18.15,18.47,18.13,000776
1852,2017-10-30,18.2,17.94,18.24,17.65,000776
1853,2017-10-31,17.83,17.73,17.87,17.63,000776
1854,2017-11-01,17.7,17.71,17.98,17.7,000776
1855,2017-11-02,17.76,17.82,17.88,17.41,000776
1856,2017-11-03,17.78,17.62,17.78,17.47,000776
1857,2017-11-06,17.63,17.49,17.65,17.39,000776
1858,2017-11-07,17.5,17.9,18.0,17.5,000776
1859,2017-11-08,17.93,18.28,18.69,17.77,000776
1860,2017-11-09,18.2,18.27,18.37,18.1,000776
1861,2017-11-10,18.27,18.4,18.53,18.08,000776
1862,2017-11-13,18.45,18.28,18.69,18.23,000776
1863,2017-11-14,18.21,17.99,18.34,17.95,000776
