datetime,code,open,close,high,low,vol,amount,ma60,ma120,ma250
2017-11-17,603899,23.09,22.64,23.18,22.43,56038.0,127077416.0,20.78,19.01,18.40
2017-11-16,603899,22.51,22.99,23.12,22.46,47643.0,109215480.0,20.70,18.96,18.38
2017-11-15,603899,22.81,22.51,23.18,21.9,47089.0,106066456.0,20.61,18.91,18.37
2017-11-14,603899,23.82,22.99,23.98,22.85,60637.0,140336320.0,20.53,18.86,18.35
2017-11-13,603899,24.09,23.98,24.14,23.73,31899.0,76365888.0,20.44,18.81,18.33
2017-11-10,603899,23.8,24.07,24.13,23.44,29029.0,68892064.0,20.32,18.75,18.31
2017-11-09,603899,23.9,23.84,23.98,23.31,29604.0,70028416.0,20.20,18.69,18.29
2017-11-08,603899,24.19,24.08,24.95,23.92,41751.0,102276032.0,20.09,18.64,18.27
2017-11-07,603899,23.9,23.98,24.3,23.51,39014.0,93651336.0,19.98,18.58,18.25
2017-11-06,603899,23.38,24.01,24.05,22.73,40323.0,94059760.0,19.88,18.52,18.23
2017-11-03,603899,23.79,23.4,24.5,23.02,49012.0,116848640.0,19.77,18.46,18.20
2017-11-02,603899,22.97,23.82,23.83,22.63,40185.0,94032296.0,19.68,18.40,18.18
2017-11-01,603899,23.1,23.0,23.28,22.61,29326.0,67138832.0,19.58,18.35,18.16
2017-10-31,603899,23.28,23.18,23.64,22.76,25902.0,60204912.0,19.50,18.30,18.15
2017-10-30,603899,23.5,23.08,23.74,22.38,44849.0,104034104.0,19.40,18.25,18.13
2017-10-27,603899,23.22,23.04,23.62,22.9,26734.0,62175992.0,19.31,18.20,18.11
2017-10-26,603899,23.35,23.28,23.8,23.08,38251.0,89624880.0,19.21,18.15,18.09
2017-10-25,603899,23.41,23.58,23.9,22.73,50034.0,116200032.0,19.11,18.11,18.07
2017-10-24,603899,22.2,23.02,23.97,22.2,99980.0,229835040.0,19.00,18.05,18.05
2017-10-23,603899,21.17,21.79,22.18,21.06,28541.0,61833560.0,18.91,18.00,18.03
2017-10-20,603899,20.9,21.21,21.36,20.6,21910.0,45927136.0,18.84,17.97,18.02
2017-10-19,603899,21.76,20.83,22.35,20.76,36322.0,78276256.0,18.77,17.94,18.00
2017-10-18,603899,21.75,21.97,22.0,21.41,20001.0,43413000.0,18.71,17.91,17.99
2017-10-17,603899,21.5,21.75,21.82,21.24,19941.0,43129400.0,18.62,17.87,17.98
2017-10-16,603899,21.38,21.4,21.97,21.26,29393.0,63258840.0,18.54,17.83,17.97
2017-10-13,603899,21.55,21.51,21.78,21.3,34474.0,74106024.0,18.47,17.79,17.95
2017-10-12,603899,22.1,21.8,22.64,21.4,51689.0,112504384.0,18.41,17.76,17.94
2017-10-11,603899,21.28,22.21,22.67,21.21,61761.0,136294416.0,18.33,17.72,17.92
2017-10-10,603899,21.06,21.41,21.45,20.72,46337.0,97754000.0,18.25,17.68,17.91
2017-10-09,603899,21.03,21.37,21.98,20.25,61501.0,129919120.0,18.19,17.65,17.89
2017-09-29,603899,20.05,20.82,21.22,19.96,53728.0,111409784.0,18.12,17.62,17.88
2017-09-28,603899,19.63,20.02,20.39,19.45,30730.0,61283000.0,18.07,17.59,17.87
2017-09-27,603899,19.88,19.74,20.08,19.58,32075.0,63594344.0,18.04,17.57,17.86
2017-09-26,603899,19.31,19.88,19.95,19.28,28207.0,55583328.0,18.00,17.55,17.86
2017-09-25,603899,19.22,19.52,19.59,19.13,18126.0,35138176.0,17.97,17.54,17.85
2017-09-22,603899,19.4,19.45,19.65,19.1,19619.0,38041724.0,17.94,17.52,17.85
2017-09-21,603899,19.3,19.52,19.75,19.2,33414.0,65393964.0,17.90,17.51,17.85
2017-09-20,603899,19.35,19.35,19.66,19.2,36758.0,71831128.0,17.87,17.50,17.84
2017-09-19,603899,19.35,19.4,19.52,19.21,41374.0,80385680.0,17.84,17.48,17.84
2017-09-18,603899,18.99,19.35,19.55,18.81,49780.0,96348184.0,17.81,17.47,17.84
2017-09-15,603899,18.9,18.99,19.16,18.65,30674.0,58065712.0,17.78,17.46,17.84
2017-09-14,603899,18.45,18.88,18.89,18.33,49434.0,91751376.0,17.75,17.45,17.84
2017-09-13,603899,18.46,18.34,18.46,18.18,11623.0,21229144.0,17.72,17.44,17.84
2017-09-12,603899,18.5,18.36,18.57,18.32,14305.0,26360870.0,17.71,17.44,17.84
2017-09-11,603899,18.35,18.49,18.59,18.22,14738.0,27230924.0,17.69,17.43,17.85
2017-09-08,603899,18.28,18.44,18.47,18.21,10822.0,19867772.0,17.67,17.43,17.85
2017-09-07,603899,18.39,18.28,18.45,18.25,16535.0,30279046.0,17.64,17.42,17.85
2017-09-06,603899,18.44,18.41,18.72,18.38,22400.0,41504964.0,17.62,17.42,17.86
2017-09-05,603899,18.65,18.56,18.65,18.31,20995.0,38863928.0,17.60,17.42,17.87
2017-09-04,603899,18.37,18.58,18.6,18.34,30093.0,55708432.0,17.57,17.41,17.87
2017-09-01,603899,18.2,18.4,18.49,18.02,35073.0,64190600.0,17.54,17.41,17.88
2017-08-31,603899,18.1,18.07,18.16,18.0,14262.0,25765654.0,17.51,17.41,17.89
2017-08-30,603899,18.21,18.01,18.24,17.92,20272.0,36561508.0,17.48,17.41,17.89
2017-08-29,603899,18.3,18.23,18.46,18.16,21037.0,38440476.0,17.45,17.41,17.90
2017-08-28,603899,18.31,18.3,18.47,18.1,20718.0,37763000.0,17.42,17.41,17.90
2017-08-25,603899,18.1,18.31,18.43,18.03,18797.0,34220488.0,17.39,17.40,17.90
2017-08-24,603899,18.26,18.23,18.56,17.89,26146.0,47723104.0,17.35,17.40,17.91
2017-08-23,603899,18.32,18.28,18.55,18.12,19675.0,36124920.0,17.32,17.40,17.91
2017-08-22,603899,18.39,18.26,18.46,18.02,20567.0,37616640.0,17.29,17.39,17.91
2017-08-21,603899,17.8,18.42,18.89,17.8,38291.0,70547456.0,17.27,17.39,17.91
2017-08-18,603899,17.98,17.8,18.17,17.75,20556.0,36933832.0,17.24,17.38,17.91
2017-08-17,603899,18.22,17.95,18.25,17.7,36042.0,64868744.0,17.23,17.38,17.92
2017-08-16,603899,17.3,17.64,17.68,17.12,18798.0,32674732.0,17.21,17.38,17.92
2017-08-15,603899,17.22,17.22,17.29,17.13,7953.0,13689408.0,17.20,17.38,17.92
2017-08-14,603899,17.0,17.22,17.3,17.0,12310.0,21154686.0,17.19,17.38,17.93
2017-08-11,603899,17.17,16.96,17.25,16.91,15745.0,26869972.0,17.18,17.39,17.93
2017-08-10,603899,17.31,17.24,17.39,17.05,25810.0,44368152.0,17.18,17.39,17.94
2017-08-09,603899,17.74,17.41,17.74,17.11,29588.0,51480512.0,17.18,17.39,17.94
2017-08-08,603899,17.65,17.76,17.82,17.45,22044.0,38831952.0,17.17,17.39,17.94
2017-08-07,603899,17.83,17.75,17.85,17.59,12677.0,22429614.0,17.16,17.39,17.95
2017-08-04,603899,17.81,17.87,17.89,17.65,15506.0,27543538.0,17.14,17.39,17.95
2017-08-03,603899,17.8,17.88,18.0,17.67,35269.0,62995532.0,17.13,17.39,17.96
2017-08-02,603899,17.7,17.83,17.89,17.62,30307.0,53932856.0,17.11,17.38,17.96
2017-08-01,603899,17.25,17.59,17.78,17.16,29267.0,51320204.0,17.09,17.38,17.96
2017-07-31,603899,17.29,17.22,17.39,17.14,7190.0,12394061.0,17.09,17.38,17.97
2017-07-28,603899,17.01,17.23,17.28,16.98,17137.0,29424100.0,17.09,17.38,17.98
2017-07-27,603899,17.33,17.09,17.4,16.98,38231.0,65189004.0,17.10,17.38,17.98
2017-07-26,603899,17.24,17.36,17.45,17.24,9504.0,16527544.0,17.10,17.39,17.99
2017-07-25,603899,17.38,17.29,17.59,17.18,10549.0,18321776.0,17.10,17.39,17.99
2017-07-24,603899,17.0,17.51,17.63,16.93,24019.0,41687512.0,17.10,17.39,17.99
2017-07-21,603899,17.01,17.1,17.21,17.01,4992.0,8529248.0,17.10,17.39,18.00
2017-07-20,603899,17.0,17.1,17.3,16.88,16523.0,28334572.0,17.10,17.39,18.00
2017-07-19,603899,16.87,17.01,17.15,16.6,22619.0,38019472.0,17.11,17.39,18.01
2017-07-18,603899,17.08,17.06,17.19,16.88,11342.0,19304252.0,17.11,17.39,18.01
2017-07-17,603899,17.55,17.12,17.55,16.96,16879.0,29015212.0,17.11,17.39,18.01
2017-07-14,603899,17.39,17.5,17.55,17.36,6767.0,11815022.0,17.12,17.39,18.01
2017-07-13,603899,17.43,17.5,17.58,17.4,7574.0,13258228.0,17.11,17.38,18.02
2017-07-12,603899,17.32,17.39,17.41,17.17,9820.0,16989382.0,17.11,17.39,18.02
2017-07-11,603899,17.64,17.39,17.65,17.21,24608.0,42681432.0,17.11,17.39,18.02
2017-07-10,603899,17.67,17.57,17.67,17.5,9348.0,16428653.0,17.11,17.40,18.02
2017-07-07,603899,17.7,17.75,17.77,17.6,10412.0,18412480.0,17.11,17.40,18.02
2017-07-06,603899,17.8,17.74,17.8,17.63,7699.0,13641407.0,17.11,17.40,18.02
2017-07-05,603899,17.59,17.77,17.89,17.43,15758.0,27845736.0,17.11,17.40,18.02
2017-07-04,603899,17.72,17.66,18.0,17.6,14607.0,25988760.0,17.11,17.41,18.01
2017-07-03,603899,17.44,17.74,18.0,17.44,22134.0,39356264.0,17.11,17.41,18.01
2017-06-30,603899,17.4,17.4,17.5,17.34,8375.0,14579462.0,17.11,17.42,18.01
2017-06-29,603899,17.45,17.51,17.57,17.31,17491.0,30539804.0,17.12,17.42,18.02
2017-06-28,603899,17.5,17.52,17.54,17.32,9144.0,15903061.0,17.12,17.42,18.02
2017-06-27,603899,17.45,17.53,17.65,17.4,17337.0,30431628.0,17.13,17.43,18.02
2017-06-26,603899,17.47,17.51,17.6,17.1,40591.0,70572232.0,17.14,17.43,18.02
2017-06-23,603899,17.3,17.47,17.49,17.09,19049.0,32910332.0,17.15,17.44,18.02
2017-06-22,603899,17.34,17.31,17.5,17.26,17564.0,30603596.0,17.16,17.44,18.02
2017-06-21,603899,17.22,17.33,17.45,17.18,16732.0,28934156.0,17.17,17.45,18.03
2017-06-20,603899,17.28,17.23,17.31,17.08,26886.0,46334384.0,17.17,17.46,18.03
2017-06-19,603899,17.09,17.22,17.37,17.08,25741.0,44426760.0,17.18,17.47,18.04
2017-06-16,603899,16.91,17.08,17.34,16.83,33703.0,57791140.0,17.19,17.48,18.04
2017-06-15,603899,16.8,16.94,17.0,16.73,19787.0,33470552.0,17.20,17.49,18.05
2017-06-14,603899,16.85,16.81,16.97,16.7,22010.0,37011376.0,17.22,17.50,18.06
2017-06-13,603899,16.66,16.85,16.9,16.66,16981.0,28561796.0,17.24,17.51,18.06
2017-06-12,603899,16.76,16.79,16.97,16.65,31819.0,53537968.0,17.26,17.51,18.07
2017-06-09,603899,16.3,16.8,16.88,16.25,50974.0,84706184.0,17.28,17.53,18.08
2017-06-08,603899,16.4,16.27,16.44,16.14,28074.0,45609788.0,17.30,17.54,18.08
2017-06-07,603899,16.36,16.44,16.7,16.3,28885.0,47633524.0,17.33,17.56,18.09
2017-06-06,603899,16.24,16.36,16.42,16.12,22867.0,37233752.0,17.36,17.58,18.10
2017-06-05,603899,16.2,16.21,16.24,16.03,17432.0,28159392.0,17.39,17.60,18.10
2017-06-02,603899,16.3,16.23,16.58,15.7,65328.0,104870832.0,17.42,17.62,18.11
2017-06-01,603899,16.69,16.27,16.75,16.22,15531.0,25696704.0,17.45,17.64,18.12
2017-05-31,603899,16.95,16.69,17.08,16.63,20613.0,34631276.0,17.47,17.66,18.12
2017-05-26,603899,16.6,16.87,16.9,16.6,15203.0,25604356.0,17.49,17.68,18.12
2017-05-25,603899,16.8,16.74,16.89,16.62,21241.0,35557948.0,17.51,17.70,18.12
2017-05-24,603899,17.08,16.85,17.08,16.01,43436.0,72674344.0,17.52,17.72,18.13
2017-05-23,603899,16.78,17.07,17.83,16.7,75124.0,129538000.0,17.54,17.74,18.13
2017-05-22,603899,16.71,16.78,16.87,16.66,18338.0,30787132.0,17.55,17.76,18.13
2017-05-19,603899,16.83,16.73,16.99,16.6,14298.0,24105402.0,17.56,17.79,18.14
2017-05-18,603899,16.9,16.83,16.99,16.8,8431.0,14246440.0,17.58,17.81,18.14
2017-05-17,603899,17.03,16.96,17.06,16.92,26140.0,44421500.0,17.59,17.83,18.14
2017-05-16,603899,16.8,17.05,17.07,16.72,17612.0,29854176.0,17.60,17.85,18.15
2017-05-15,603899,16.93,16.81,16.95,16.76,5008.0,8448676.0,17.60,17.87,18.15
2017-05-12,603899,16.96,16.85,16.97,16.75,12877.0,21709592.0,17.61,17.89,18.17
2017-05-11,603899,16.7,16.96,17.02,16.66,11544.0,19479764.0,17.62,17.90,18.26
2017-05-10,603899,16.8,16.85,17.07,16.8,8914.0,15102273.0,17.64,17.92,18.34
2017-05-09,603899,16.9,16.94,17.07,16.67,13981.0,23553790.0,17.65,17.93,18.43
2017-05-08,603899,17.39,16.9,17.39,16.89,9714.0,16627683.0,17.66,17.95,18.51
2017-05-05,603899,17.37,17.38,17.43,17.28,10634.0,18447140.0,17.67,17.96,18.59
2017-05-04,603899,17.41,17.45,17.53,17.2,14958.0,25992888.0,17.66,17.97,18.66
2017-05-03,603899,17.53,17.37,17.59,17.36,9104.0,15862334.0,17.66,17.98,18.74
2017-05-02,603899,17.35,17.53,17.6,17.32,16083.0,28077168.0,17.67,17.99,18.82
2017-04-28,603899,17.18,17.38,17.5,17.18,13725.0,23855140.0,17.67,18.00,18.90
2017-04-27,603899,17.12,17.17,17.24,17.06,13279.0,22775554.0,17.67,18.01,18.98
2017-04-26,603899,17.25,17.31,17.34,17.22,6069.0,10495122.0,17.68,18.02,19.06
2017-04-25,603899,17.3,17.31,17.33,17.23,15649.0,27049848.0,17.68,18.03,19.15
2017-04-24,603899,17.27,17.3,17.32,17.11,20489.0,35270032.0,17.68,18.04,19.23
2017-04-21,603899,17.23,17.22,17.43,17.17,17125.0,29612502.0,17.67,18.05,19.31
2017-04-20,603899,17.25,17.22,17.35,17.11,34264.0,59006636.0,17.67,18.07,19.39
2017-04-19,603899,17.36,17.31,17.36,17.11,19632.0,33812740.0,17.66,18.07,19.47
2017-04-18,603899,17.24,17.38,17.5,17.08,20376.0,35302088.0,17.66,18.08,19.55
2017-04-17,603899,17.37,17.25,17.46,17.05,16538.0,28573804.0,17.66,18.09,19.63
2017-04-14,603899,17.54,17.37,17.62,17.33,15642.0,27353720.0,17.67,18.10,19.71
2017-04-13,603899,17.54,17.53,17.66,17.43,11715.0,20564690.0,17.68,18.11,19.79
2017-04-12,603899,17.68,17.53,17.76,17.51,12179.0,21379616.0,17.68,18.11,19.87
2017-04-11,603899,17.67,17.68,17.74,17.52,16684.0,29348084.0,17.69,18.12,19.95
2017-04-10,603899,17.68,17.68,17.77,17.58,20892.0,36923104.0,17.69,18.13,20.04
2017-04-07,603899,17.81,17.68,17.81,17.61,26867.0,47475760.0,17.70,18.13,20.11
2017-04-06,603899,18.15,17.83,18.15,17.48,20818.0,37053276.0,17.71,18.14,20.19
2017-04-05,603899,17.74,17.85,17.88,17.65,28073.0,49880736.0,17.71,18.14,20.27
2017-03-31,603899,17.76,17.82,17.95,17.62,21456.0,37981824.0,17.72,18.14,20.35
2017-03-30,603899,17.76,17.75,17.95,17.6,21757.0,38569868.0,17.72,18.14,20.43
2017-03-29,603899,18.1,17.79,18.12,17.75,17863.0,31901072.0,17.73,18.14,20.51
2017-03-28,603899,18.21,18.08,18.3,17.93,24579.0,44438584.0,17.73,18.15,20.59
2017-03-27,603899,18.0,18.22,18.32,17.88,31863.0,57492280.0,17.73,18.14,20.66
2017-03-24,603899,17.79,18.02,18.16,17.7,41883.0,75154752.0,17.73,18.14,20.73
2017-03-23,603899,17.8,17.79,17.83,17.62,35178.0,62407624.0,17.73,18.14,20.79
2017-03-22,603899,17.8,17.61,17.91,17.56,35562.0,62982964.0,17.74,18.15,20.86
2017-03-21,603899,17.94,17.82,17.94,17.66,22432.0,39966292.0,17.76,18.16,20.93
2017-03-20,603899,17.77,17.94,18.0,17.56,24719.0,43895312.0,17.77,18.17,20.99
2017-03-17,603899,18.12,17.77,18.12,17.76,34273.0,61297552.0,17.77,18.17,21.04
2017-03-16,603899,18.11,18.08,18.22,18.01,21774.0,39434560.0,17.78,18.18,21.11
2017-03-15,603899,18.0,18.05,18.09,17.84,11481.0,20648788.0,17.77,18.18,21.17
2017-03-14,603899,18.05,18.05,18.09,17.84,10659.0,19145540.0,17.77,18.19,21.24
2017-03-13,603899,17.95,18.05,18.1,17.8,8976.0,16147144.0,17.76,18.20,21.31
2017-03-10,603899,17.9,17.95,18.03,17.82,7864.0,14080010.0,17.77,18.21,21.38
2017-03-09,603899,17.99,17.92,18.04,17.82,9121.0,16340281.0,17.78,18.22,21.45
2017-03-08,603899,18.18,18.05,18.24,17.99,14976.0,27117456.0,17.79,18.23,21.52
2017-03-07,603899,18.02,18.2,18.21,17.95,17817.0,32209476.0,17.80,18.24,21.59
2017-03-06,603899,17.84,18.02,18.1,17.8,15385.0,27688472.0,17.80,18.24,21.66
2017-03-03,603899,17.71,17.87,17.89,17.6,16949.0,30163176.0,17.81,18.26,21.72
2017-03-02,603899,17.79,17.69,17.9,17.5,16721.0,29650848.0,17.83,18.27,21.79
2017-03-01,603899,17.94,17.83,17.98,17.77,17501.0,31240628.0,17.85,18.29,21.86
2017-02-28,603899,17.79,17.93,18.06,17.77,14146.0,25321992.0,17.87,18.31,21.92
2017-02-27,603899,17.74,17.79,17.92,17.73,14029.0,25020848.0,17.89,18.32,21.98
2017-02-24,603899,17.62,17.74,17.85,17.62,13265.0,23559104.0,17.92,18.35,22.04
2017-02-23,603899,17.69,17.67,17.77,17.6,12567.0,22223788.0,17.95,18.37,22.11
2017-02-22,603899,17.62,17.72,17.74,17.51,17351.0,30613774.0,17.98,18.38,22.17
2017-02-21,603899,17.5,17.62,17.73,17.45,19609.0,34456820.0,18.01,18.39,22.23
2017-02-20,603899,17.3,17.5,17.56,17.28,16540.0,28822316.0,18.05,18.40,22.29
2017-02-17,603899,17.37,17.3,17.57,17.27,10926.0,18978072.0,18.07,18.42,22.35
2017-02-16,603899,17.5,17.37,17.54,17.3,12372.0,21518068.0,18.11,18.44,22.41
2017-02-15,603899,17.57,17.47,17.65,17.45,9427.0,16547975.0,18.14,18.45,22.46
2017-02-14,603899,17.63,17.57,17.74,17.5,12359.0,21741230.0,18.16,18.46,22.52
2017-02-13,603899,17.6,17.64,17.66,17.45,17504.0,30740916.0,18.18,18.47,22.58
2017-02-10,603899,17.6,17.53,17.67,17.5,8134.0,14275478.0,18.20,18.48,22.63
2017-02-09,603899,17.35,17.63,17.68,17.3,16245.0,28407942.0,18.22,18.49,22.70
2017-02-08,603899,17.3,17.35,17.36,17.18,10336.0,17853288.0,18.23,18.49,22.75
2017-02-07,603899,17.5,17.29,17.56,17.21,14817.0,25711430.0,18.25,18.50,22.80
2017-02-06,603899,17.6,17.5,17.68,17.35,18580.0,32530116.0,18.28,18.51,22.86
2017-02-03,603899,17.51,17.57,17.67,17.47,8865.0,15549490.0,18.29,18.51,22.92
2017-01-26,603899,17.51,17.56,17.64,17.46,8924.0,15681395.0,18.31,18.52,22.98
2017-01-25,603899,17.45,17.51,17.6,17.32,7010.0,12257820.0,18.33,18.52,23.05
2017-01-24,603899,17.5,17.47,17.65,17.39,7650.0,13375920.0,18.35,18.53,23.10
2017-01-23,603899,17.27,17.45,17.51,17.2,12363.0,21503428.0,18.36,18.55,23.16
2017-01-20,603899,17.09,17.18,17.26,17.01,10116.0,17378258.0,18.38,18.56,23.23
2017-01-19,603899,17.04,17.01,17.07,16.93,9893.0,16830936.0,18.40,18.57,23.29
2017-01-18,603899,17.01,17.02,17.15,16.92,11905.0,20263924.0,18.43,18.59,23.37
2017-01-17,603899,16.88,16.98,17.1,16.76,16520.0,27975260.0,18.46,18.60,23.46
2017-01-16,603899,17.3,16.88,17.3,16.63,25998.0,44204200.0,18.49,18.61,23.56
2017-01-13,603899,17.81,17.32,17.91,17.3,49150.0,86140480.0,18.51,18.63,23.65
2017-01-12,603899,17.8,18.05,18.99,17.72,48011.0,87915312.0,18.53,18.64,23.75
2017-01-11,603899,17.99,17.79,18.04,17.77,8837.0,15785576.0,18.53,18.64,23.85
2017-01-10,603899,17.93,17.91,18.0,17.83,11942.0,21404172.0,18.54,18.65,23.93
2017-01-09,603899,17.72,17.93,18.0,17.72,11897.0,21294684.0,18.55,18.65,24.02
2017-01-06,603899,18.13,17.89,18.21,17.8,21530.0,38585364.0,18.55,18.66,24.11
2017-01-05,603899,18.16,18.18,18.29,18.09,20109.0,36544480.0,18.56,18.66,24.21
2017-01-04,603899,18.13,18.23,18.25,18.01,25851.0,46816516.0,18.56,18.66,24.29
2017-01-03,603899,18.32,18.13,18.39,18.08,17583.0,32019024.0,18.56,18.65,24.37
2016-12-30,603899,18.02,18.2,18.37,17.96,21247.0,38602504.0,18.56,18.65,24.45
2016-12-29,603899,17.89,17.96,18.04,17.86,8224.0,14761397.0,18.56,18.65,24.53
2016-12-28,603899,18.02,18.01,18.05,17.85,14160.0,25430100.0,18.56,18.65,24.62
2016-12-27,603899,18.05,17.98,18.08,17.88,16654.0,29935948.0,18.56,18.64,24.70
2016-12-26,603899,17.99,18.06,18.09,17.76,15990.0,28621986.0,18.56,18.64,24.79
2016-12-23,603899,18.32,18.0,18.32,17.9,21495.0,38770036.0,18.55,18.64,24.87
2016-12-22,603899,18.4,18.36,18.48,18.16,17680.0,32256750.0,18.56,18.63,24.95
2016-12-21,603899,18.34,18.34,18.6,18.13,22587.0,41491052.0,18.56,18.63,25.03
2016-12-20,603899,18.44,18.45,18.53,18.22,18331.0,33619260.0,18.56,18.62,25.11
2016-12-19,603899,18.18,18.49,18.56,18.11,16810.0,30791892.0,18.56,18.61,25.18
2016-12-16,603899,18.05,18.28,18.34,17.81,22634.0,41237988.0,18.57,18.60,25.26
2016-12-15,603899,17.8,18.01,18.04,17.71,16729.0,30003382.0,18.58,18.60,25.33
2016-12-14,603899,17.96,17.75,18.03,17.66,19448.0,34647728.0,18.59,18.59,25.41
2016-12-13,603899,17.7,17.96,18.09,17.65,23193.0,41624284.0,18.60,18.59,25.49
2016-12-12,603899,18.45,17.72,18.45,17.7,41708.0,75132912.0,18.62,18.59,25.57
2016-12-09,603899,18.54,18.47,18.64,18.42,17502.0,32385508.0,18.64,18.59,25.66
2016-12-08,603899,18.56,18.46,18.57,18.4,16251.0,30060438.0,18.65,18.59,25.73
2016-12-07,603899,18.5,18.56,18.57,18.33,16810.0,30940494.0,18.66,18.58,25.82
2016-12-06,603899,18.56,18.5,18.66,18.45,14332.0,26541200.0,18.67,18.58,25.90
2016-12-05,603899,18.16,18.57,18.65,18.16,18595.0,34274640.0,18.67,18.58,25.97
2016-12-02,603899,18.84,18.56,18.88,18.31,25682.0,47583260.0,18.68,18.59,26.06
2016-12-01,603899,18.88,18.8,19.0,18.65,23084.0,43464928.0,18.70,18.59,26.16
2016-11-30,603899,18.85,18.89,19.11,18.8,17025.0,32262418.0,18.71,18.59,26.25
2016-11-29,603899,19.28,19.01,19.28,18.9,40093.0,76252392.0,18.73,18.58,26.34
2016-11-28,603899,19.57,19.36,19.62,19.21,19323.0,37347444.0,18.74,18.58,26.42
2016-11-25,603899,19.17,19.53,19.58,19.17,32499.0,63102756.0,18.76,18.58,26.51
2016-11-24,603899,19.5,19.33,19.61,19.17,40549.0,78376432.0,18.77,18.57,26.59
2016-11-23,603899,19.78,19.53,19.78,19.39,28786.0,56148708.0,18.78,18.56,26.67
2016-11-22,603899,19.63,19.79,19.9,19.46,46439.0,91443464.0,18.78,18.55,26.76
2016-11-21,603899,19.15,19.61,19.65,19.15,46159.0,89943144.0,18.77,18.53,26.85
2016-11-18,603899,19.55,19.23,19.65,19.17,55672.0,107934904.0,18.76,18.52,26.95
2016-11-17,603899,19.06,19.53,19.82,18.97,85294.0,165800592.0,18.76,18.51,27.04
2016-11-16,603899,18.98,19.06,19.17,18.79,43105.0,82007448.0,18.76,18.49,27.12
2016-11-15,603899,18.63,18.85,18.97,18.63,30442.0,57223556.0,18.76,18.48,27.22
2016-11-14,603899,18.79,18.66,18.94,18.57,25330.0,47510420.0,18.75,18.46,27.32
2016-11-11,603899,18.8,18.78,18.8,18.59,21663.0,40507272.0,18.75,18.45,27.41
2016-11-10,603899,18.51,18.65,18.69,18.5,24670.0,45859212.0,18.75,18.44,27.51
2016-11-09,603899,18.72,18.42,18.74,18.33,19915.0,36866272.0,18.75,18.44,27.60
2016-11-08,603899,18.73,18.72,18.88,18.66,23852.0,44691248.0,18.75,18.43,27.68
2016-11-07,603899,18.52,18.65,18.66,18.43,14125.0,26233368.0,18.74,18.42,27.77
2016-11-04,603899,18.59,18.49,18.77,18.45,22659.0,42122732.0,18.74,18.41,27.85
2016-11-03,603899,18.64,18.62,18.75,18.52,16844.0,31425174.0,18.73,18.40,27.93
2016-11-02,603899,18.64,18.59,18.74,18.54,15659.0,29171788.0,18.73,18.39,28.01
2016-11-01,603899,18.38,18.63,18.7,18.31,22823.0,42453892.0,18.72,18.40,28.09
2016-10-31,603899,18.43,18.38,18.53,18.13,22130.0,40356272.0,18.72,18.41,28.17
2016-10-28,603899,18.75,18.43,18.75,18.42,16018.0,29730786.0,18.74,18.58,28.24
2016-10-27,603899,18.9,18.72,18.9,18.6,17673.0,33023668.0,18.74,18.75,28.31
2016-10-26,603899,18.71,18.83,18.97,18.57,33810.0,63488460.0,18.74,18.91,28.39
2016-10-25,603899,18.33,18.71,18.72,18.28,31806.0,59016248.0,18.74,19.07,28.47
2016-10-24,603899,18.18,18.33,18.46,17.99,25380.0,46320848.0,18.74,19.22,28.54
2016-10-21,603899,18.45,18.19,18.45,18.1,22354.0,40756712.0,18.74,19.36,28.61
2016-10-20,603899,18.32,18.45,18.47,18.31,15556.0,28600596.0,18.75,19.52,28.68
2016-10-19,603899,18.46,18.34,18.54,18.29,18580.0,34220948.0,18.75,19.67,28.76
2016-10-18,603899,18.17,18.38,18.45,18.13,20017.0,36717716.0,18.75,19.84,28.83
2016-10-17,603899,18.22,18.17,18.4,18.09,21004.0,38379960.0,18.75,20.00,28.89
2016-10-14,603899,18.34,18.27,18.34,18.14,21255.0,38742092.0,18.76,20.16,28.96
2016-10-13,603899,18.25,18.34,18.47,18.16,19941.0,36508924.0,18.76,20.32,29.02
2016-10-12,603899,18.28,18.26,18.28,18.18,23275.0,42418308.0,18.77,20.49,29.08
2016-10-11,603899,18.36,18.29,18.42,18.2,16813.0,30748480.0,18.76,20.64,29.13
2016-10-10,603899,18.28,18.33,18.36,18.11,15128.0,27643208.0,18.75,20.80,29.19
2016-09-30,603899,17.92,18.11,18.13,17.91,10299.0,18580100.0,18.73,20.96,29.25
2016-09-29,603899,17.86,17.95,18.09,17.82,12306.0,22120676.0,18.73,21.12,29.30
2016-09-28,603899,18.0,17.86,18.09,17.81,11883.0,21308894.0,18.73,21.28,29.37
2016-09-27,603899,17.55,18.02,18.15,17.55,26380.0,47095692.0,18.73,21.45,29.43
2016-09-26,603899,18.18,17.62,18.18,17.5,32917.0,58641800.0,18.72,21.61,29.48
2016-09-23,603899,18.37,18.19,18.38,18.16,21499.0,39248328.0,18.72,21.78,29.54
2016-09-22,603899,18.5,18.36,18.65,18.32,23280.0,43058864.0,18.71,21.94,29.61
2016-09-21,603899,18.64,18.51,18.64,18.23,33306.0,61286760.0,18.70,22.11,29.66
2016-09-20,603899,19.0,18.58,19.04,18.0,22119.0,41432160.0,18.68,22.26,29.71
2016-09-19,603899,18.63,18.96,18.96,18.6,21259.0,40031988.0,18.65,22.41,29.77
2016-09-14,603899,18.64,18.65,18.86,18.55,21625.0,40384272.0,18.63,22.57,29.83
2016-09-13,603899,18.5,18.66,18.8,18.49,22629.0,42123620.0,18.62,22.73,29.90
2016-09-12,603899,18.81,18.45,18.81,18.37,47793.0,88853952.0,18.60,22.89,29.96
2016-09-09,603899,19.02,19.14,19.23,18.89,32228.0,61476032.0,18.59,23.05,30.02
2016-09-08,603899,19.11,19.0,19.16,18.83,22222.0,42264884.0,18.56,23.21,30.07
2016-09-07,603899,19.1,19.11,19.37,18.95,42974.0,82515504.0,18.54,23.35,30.12
2016-09-06,603899,18.95,19.09,19.21,18.53,56436.0,106188264.0,18.53,23.49,30.18
2016-09-05,603899,18.84,19.0,19.1,18.63,41248.0,77943112.0,18.51,23.61,30.24
2016-09-02,603899,19.0,18.83,19.15,18.61,66818.0,125920224.0,18.50,23.73,30.30
2016-09-01,603899,19.58,19.3,19.65,19.29,35829.0,69526288.0,18.49,23.86,30.36
2016-08-31,603899,19.42,19.55,19.81,19.4,37459.0,73470744.0,18.49,23.98,30.41
2016-08-30,603899,19.72,19.51,19.83,19.38,46262.0,90552664.0,18.47,24.08,30.47
2016-08-29,603899,20.11,19.72,20.12,19.7,51034.0,101404864.0,18.46,24.20,30.55
2016-08-26,603899,20.05,20.08,20.23,19.81,70676.0,141277824.0,18.44,24.32,30.62
2016-08-25,603899,20.4,20.03,20.6,20.01,90318.0,182630864.0,18.42,24.45,30.71
2016-08-24,603899,19.91,20.6,20.7,19.67,108631.0,218946400.0,18.40,24.57,30.79
2016-08-23,603899,19.38,19.96,20.3,19.35,142263.0,282774496.0,18.36,24.70,30.88
2016-08-22,603899,19.3,19.34,19.55,19.15,111719.0,216624720.0,18.33,24.84,30.97
2016-08-19,603899,19.13,19.18,19.37,19.06,40444.0,77657400.0,18.31,24.97,31.06
2016-08-18,603899,19.11,19.18,19.22,19.02,53189.0,101679568.0,18.29,25.09,31.15
2016-08-17,603899,19.36,19.18,19.36,19.06,89726.0,172306832.0,18.27,25.23,31.25
2016-08-16,603899,18.85,19.43,19.67,18.73,104671.0,201290464.0,18.25,25.35,31.34
2016-08-15,603899,18.4,18.79,18.99,18.2,78575.0,146631392.0,18.22,25.48,31.42
2016-08-12,603899,18.49,18.62,18.8,18.49,21390.0,39862188.0,18.19,25.62,31.51
2016-08-11,603899,18.79,18.53,18.84,18.51,18026.0,33639200.0,18.17,25.75,31.59
2016-08-10,603899,18.63,18.84,18.97,18.45,43953.0,82476640.0,18.15,25.87,31.68
2016-08-09,603899,18.59,18.6,18.67,18.47,23683.0,43941076.0,18.14,25.99,31.76
2016-08-08,603899,18.36,18.58,18.64,18.07,25663.0,47319332.0,18.12,26.11,31.84
2016-08-05,603899,18.21,18.19,18.45,18.11,21385.0,39082900.0,18.10,26.23,31.92
2016-08-04,603899,18.27,18.19,18.27,18.07,19773.0,35886104.0,18.09,26.35,32.01
2016-08-03,603899,18.15,18.25,18.25,18.02,14704.0,26725812.0,18.08,26.46,32.09
2016-08-02,603899,17.95,18.2,18.25,17.89,21166.0,38398096.0,18.07,26.58,32.17
2016-08-01,603899,18.92,18.02,18.99,17.71,62347.0,113567288.0,18.06,26.70,32.28
2016-07-29,603899,19.12,18.92,19.29,18.8,75698.0,144454304.0,18.08,26.82,32.38
2016-07-28,603899,18.37,19.24,19.45,18.31,92871.0,176362256.0,18.09,26.92,32.48
2016-07-27,603899,18.69,18.43,19.11,18.3,74088.0,138749856.0,18.42,27.03,32.57
2016-07-26,603899,18.89,18.73,18.97,18.48,49710.0,93121736.0,18.76,27.14,32.66
2016-07-25,603899,18.67,18.91,19.14,18.6,32643.0,61766320.0,19.08,27.26,32.75
2016-07-22,603899,18.67,18.71,18.73,18.46,23811.0,44270584.0,19.40,27.35,32.84
2016-07-21,603899,18.75,18.67,18.95,18.65,31166.0,58523128.0,19.69,27.46,32.93
2016-07-20,603899,18.44,18.83,19.07,18.37,65776.0,123613176.0,19.98,27.57,33.05
2016-07-19,603899,18.35,18.4,18.43,18.14,22764.0,41571120.0,20.28,27.68,33.14
2016-07-18,603899,18.32,18.35,18.48,18.01,28675.0,52274680.0,20.59,27.80,33.22
2016-07-15,603899,18.5,18.31,18.65,18.15,41250.0,75712840.0,20.92,27.93,33.28
2016-07-14,603899,18.46,18.57,18.76,18.3,45520.0,84477096.0,21.24,28.04,33.34
2016-07-13,603899,18.65,18.46,18.79,18.27,52010.0,95941032.0,21.56,28.15,33.40
2016-07-12,603899,17.88,18.58,18.66,17.8,78737.0,143556976.0,21.89,28.28,33.47
2016-07-11,603899,17.62,17.79,17.94,17.57,42896.0,76172672.0,22.21,28.40,33.54
2016-07-08,603899,17.67,17.57,17.76,17.48,24226.0,42603680.0,22.53,28.55,33.62
2016-07-07,603899,17.93,17.67,18.08,17.57,45156.0,80236448.0,22.85,28.74,33.70
2016-07-06,603899,17.74,17.93,17.95,17.55,34669.0,61566148.0,23.18,28.94,33.79
2016-07-05,603899,17.86,17.75,17.87,17.65,28913.0,51295588.0,23.50,29.12,33.86
2016-07-04,603899,17.35,17.75,17.78,17.18,34087.0,60042708.0,23.83,29.33,33.95
2016-07-01,603899,17.7,17.51,17.83,17.39,29502.0,51710444.0,24.17,29.53,34.06
2016-06-30,603899,17.74,17.7,17.88,17.61,23302.0,41366668.0,24.51,29.70,34.16
2016-06-29,603899,17.45,17.74,17.87,17.45,39287.0,69475200.0,24.84,29.91,34.27
2016-06-28,603899,17.43,17.43,17.47,17.2,45065.0,78147424.0,25.17,30.10,34.36
2016-06-27,603899,17.1,17.44,17.56,17.02,32543.0,56525224.0,25.52,30.29,34.47
2016-06-24,603899,17.56,17.1,17.62,17.01,35493.0,61152604.0,25.84,30.46,34.59
2016-06-23,603899,17.8,17.56,17.84,17.35,27340.0,48042416.0,26.18,30.65,34.71
2016-06-22,603899,17.7,17.83,17.86,17.51,16507.0,29261778.0,26.51,30.82,34.83
2016-06-21,603899,17.77,17.73,18.11,17.61,24630.0,44009824.0,26.84,30.99,34.96
2016-06-20,603899,17.63,17.73,17.77,17.21,25378.0,44474268.0,27.17,31.17,35.10
2016-06-17,603899,17.85,17.6,18.1,17.51,33394.0,59430788.0,27.51,31.36,35.24
2016-06-16,603899,18.0,17.79,18.29,17.7,32205.0,57517964.0,27.85,31.53,35.37
2016-06-15,603899,17.88,18.21,18.33,17.7,35334.0,64176440.0,28.16,31.71,35.49
2016-06-14,603899,18.0,17.9,18.21,17.7,32201.0,57875760.0,28.44,31.88,35.61
2016-06-13,603899,18.44,18.33,18.99,18.24,42545.0,79307448.0,28.71,32.05,35.74
2016-06-08,603899,18.79,18.62,18.81,18.5,21385.0,39844716.0,28.97,32.21,35.88
2016-06-07,603899,18.65,18.82,18.86,18.46,24941.0,46648544.0,29.23,32.36,36.02
2016-06-06,603899,18.88,18.65,18.9,18.6,17745.0,33271174.0,29.47,32.52,36.16
2016-06-03,603899,18.83,18.76,18.86,18.62,23753.0,44543560.0,29.70,32.67,36.30
2016-06-02,603899,18.69,18.75,18.91,18.56,25983.0,48548372.0,29.95,32.82,36.45
2016-06-01,603899,18.92,18.79,19.07,18.76,23974.0,45264472.0,30.20,32.99,36.62
2016-05-31,603899,18.2,18.92,19.04,18.2,56818.0,106651488.0,30.47,33.15,36.77
2016-05-30,603899,17.8,18.0,18.19,17.8,15656.0,28243454.0,30.74,33.31,36.90
2016-05-27,603899,18.22,18.05,18.22,17.94,15842.0,28597372.0,31.05,33.48,37.02
2016-05-26,603899,18.14,18.24,18.28,17.58,22757.0,40815240.0,31.35,33.65,37.15
2016-05-25,603899,18.29,18.08,18.29,17.98,23275.0,42096728.0,31.63,33.82,37.27
2016-05-24,603899,17.88,18.16,18.43,17.56,37790.0,67906880.0,31.89,33.98,37.39
2016-05-23,603899,17.41,17.91,17.97,17.41,32535.0,57864168.0,32.19,34.18,37.52
2016-05-20,603899,17.22,17.41,17.48,17.03,18216.0,31595142.0,32.44,34.38,37.63
2016-05-19,603899,16.99,17.29,17.79,16.92,37379.0,65338020.0,32.74,34.58,37.74
2016-05-18,603899,17.5,16.99,17.56,16.86,38093.0,65043688.0,33.04,34.78,37.85
2016-05-17,603899,17.76,17.66,17.94,17.48,30167.0,53565576.0,33.32,34.97,37.96
2016-05-16,603899,17.54,17.85,17.93,17.45,23398.0,41636332.0,33.58,35.16,38.05
2016-05-13,603899,17.47,17.69,17.86,17.22,38205.0,67689720.0,33.84,35.34,38.13
2016-05-12,603899,17.27,17.47,17.6,16.6,32266.0,55312380.0,34.10,35.53,38.20
2016-05-11,603899,17.82,17.41,17.97,17.36,45399.0,80342736.0,34.37,35.73,38.29
2016-05-10,603899,17.48,17.65,18.08,17.48,44895.0,79856664.0,34.61,35.93,38.37
2016-05-09,603899,17.49,17.63,18.19,16.86,78945.0,137703296.0,34.85,36.16,38.45
2016-05-06,603899,19.02,17.82,19.11,17.75,130581.0,241184384.0,35.10,36.36,38.53
2016-05-05,603899,19.25,19.02,19.46,18.8,124851.0,238814288.0,35.34,36.55,38.61
2016-05-04,603899,19.48,19.65,19.88,19.05,63532.0,122445960.0,35.56,36.75,38.69
2016-05-03,603899,38.4,39.19,39.32,38.4,61140.0,237704048.0,35.75,36.95,38.78
2016-04-29,603899,38.01,38.4,38.57,37.51,32333.0,123713800.0,35.63,36.97,38.78
2016-04-28,603899,37.89,38.13,38.4,37.6,24246.0,92057168.0,35.52,37.02,38.79
2016-04-27,603899,37.25,37.8,39.05,37.0,33436.0,127845944.0,35.43,37.04,38.80
2016-04-26,603899,36.16,36.55,36.56,36.08,9566.0,34789500.0,35.31,37.05,38.81
2016-04-25,603899,36.72,36.15,36.8,35.54,14508.0,52388132.0,35.23,37.09,38.82
2016-04-22,603899,36.27,36.79,36.99,36.05,12402.0,45442040.0,35.16,37.12,38.83
2016-04-21,603899,37.8,36.95,38.23,36.87,21611.0,80941744.0,35.08,37.13,38.83
2016-04-20,603899,37.47,38.05,38.55,36.02,40795.0,153366080.0,35.02,37.14,38.83
2016-04-19,603899,37.7,37.52,37.99,37.3,13218.0,49725460.0,34.94,37.15,38.84
2016-04-18,603899,38.0,37.81,38.0,37.05,16932.0,63509240.0,34.85,37.16,38.86
2016-04-15,603899,37.88,37.98,38.22,37.68,24882.0,94464272.0,34.75,37.14,38.87
2016-04-14,603899,37.33,37.71,37.88,37.25,17860.0,66999752.0,34.68,37.12,38.87
2016-04-13,603899,37.05,37.21,37.65,37.05,22567.0,84436760.0,34.60,37.12,38.88
2016-04-12,603899,37.59,36.9,37.59,36.68,16336.0,60442424.0,34.58,37.13,38.89
2016-04-11,603899,37.33,37.49,38.1,37.33,21817.0,82056256.0,34.63,37.13,38.89
2016-04-08,603899,37.19,37.0,37.2,36.62,17304.0,63785772.0,34.71,37.12,38.89
2016-04-07,603899,38.01,37.53,38.48,37.5,35846.0,136396976.0,34.74,37.11,38.88
2016-04-06,603899,38.23,37.87,38.23,37.6,19588.0,74169192.0,34.83,37.11,38.87
2016-04-05,603899,37.56,38.18,38.38,37.38,26614.0,101356704.0,34.90,37.10,38.86
2016-04-01,603899,37.47,37.56,37.9,37.0,13971.0,52196444.0,34.90,37.07,38.84
2016-03-31,603899,38.35,37.65,38.6,37.6,19461.0,73714936.0,34.98,37.05,38.83
2016-03-30,603899,37.1,37.99,38.0,36.9,24508.0,92063824.0,35.02,37.01,38.82
2016-03-29,603899,37.1,36.84,37.45,36.36,13894.0,51397620.0,35.07,36.96,38.81
2016-03-28,603899,37.45,37.29,38.38,37.0,20206.0,76199304.0,35.09,36.92,38.80
2016-03-25,603899,37.75,37.44,38.37,36.96,21121.0,79029360.0,35.12,36.88,38.79
2016-03-24,603899,37.5,37.82,39.57,37.2,52573.0,203425440.0,35.13,36.84,38.78
2016-03-23,603899,37.89,37.67,37.89,37.35,36958.0,138774448.0,35.15,36.80,38.78
2016-03-22,603899,37.5,37.91,38.96,37.1,76099.0,288659200.0,35.18,36.76,38.76
2016-03-21,603899,36.6,38.33,38.38,36.6,62762.0,236208576.0,35.21,36.73,38.74
2016-03-18,603899,35.12,36.43,36.5,34.9,30534.0,109265368.0,35.21,36.67,38.71
2016-03-17,603899,34.24,34.99,35.0,33.95,13704.0,47403976.0,35.26,36.64,38.67
2016-03-16,603899,34.33,33.95,34.74,33.76,7011.0,23903598.0,35.32,36.63,38.64
2016-03-15,603899,34.2,33.92,34.35,33.88,9126.0,31019314.0,35.38,36.61,38.61
2016-03-14,603899,33.13,34.36,34.68,33.13,11258.0,38398832.0,35.45,36.59,38.59
2016-03-11,603899,32.55,32.83,32.99,32.01,6581.0,21477438.0,35.49,36.58,38.56
2016-03-10,603899,33.39,32.46,33.97,32.23,11438.0,37769492.0,35.56,36.59,38.53
2016-03-09,603899,33.59,33.65,34.05,33.21,7374.0,24789462.0,35.64,36.62,38.52
2016-03-08,603899,34.83,34.28,34.99,33.4,19495.0,66313404.0,35.70,36.63,38.49
2016-03-07,603899,35.23,35.01,35.88,34.64,11566.0,40766440.0,35.78,36.62,38.47
2016-03-04,603899,36.21,35.0,36.21,34.55,13189.0,46620256.0,35.83,36.58,38.44
2016-03-03,603899,36.05,36.31,36.65,35.6,19935.0,71764896.0,35.88,36.55,38.41
2016-03-02,603899,34.59,36.27,36.45,34.13,25566.0,91412976.0,35.91,36.53,38.37
2016-03-01,603899,34.01,34.85,35.2,33.41,15448.0,52873416.0,35.95,36.53,38.33
2016-02-29,603899,35.55,33.94,35.55,33.38,19028.0,64662988.0,36.01,36.52,38.30
2016-02-26,603899,33.5,35.89,36.3,33.3,27720.0,96345568.0,36.07,36.51,38.28
2016-02-25,603899,34.7,33.3,35.35,32.76,21973.0,75121392.0,36.17,36.48,38.25
2016-02-24,603899,35.11,35.19,35.79,34.68,19799.0,69520568.0,36.31,36.49,38.22
2016-02-23,603899,33.99,35.43,35.47,33.95,31576.0,109802904.0,36.42,36.52,38.20
2016-02-22,603899,33.51,33.79,34.08,33.5,13350.0,45064240.0,36.51,36.55,38.17
2016-02-19,603899,32.84,33.22,33.38,32.62,11905.0,39352748.0,36.62,36.62,38.17
2016-02-18,603899,33.53,33.03,34.92,32.99,28110.0,95634232.0,36.74,36.67,38.19
2016-02-17,603899,33.5,33.52,33.7,32.79,12836.0,42677932.0,36.85,36.75,38.19
2016-02-16,603899,32.11,33.5,33.79,32.11,19630.0,65287632.0,36.97,36.82,38.18
2016-02-15,603899,31.43,31.9,32.3,30.61,8819.0,27720174.0,37.10,36.90,38.15
2016-02-05,603899,33.0,32.06,33.0,32.02,8487.0,27428170.0,37.26,36.99,38.13
2016-02-04,603899,32.4,32.67,32.7,32.3,12847.0,41803500.0,37.46,37.09,38.09
2016-02-03,603899,31.8,32.21,32.68,31.3,9967.0,31981018.0,37.62,37.16,38.04
2016-02-02,603899,31.08,32.11,32.23,31.05,10671.0,33977160.0,37.76,37.23,37.99
2016-02-01,603899,32.28,31.15,32.28,31.01,13199.0,41870660.0,37.94,37.28,
2016-01-29,603899,31.8,32.34,32.8,31.7,16346.0,52809996.0,38.15,37.36,
2016-01-28,603899,32.08,31.75,32.74,31.7,15255.0,48980260.0,38.31,37.43,
2016-01-27,603899,30.24,32.73,32.8,28.82,25192.0,77463032.0,38.51,37.49,
2016-01-26,603899,31.6,30.24,33.2,30.03,23283.0,74105648.0,38.65,37.53,
2016-01-25,603899,31.87,31.94,32.39,31.5,14356.0,45892232.0,38.80,37.60,
2016-01-22,603899,31.92,31.77,32.39,30.8,18525.0,58508852.0,38.95,37.67,
2016-01-21,603899,32.5,31.83,33.31,31.7,16535.0,53802292.0,39.07,37.73,
2016-01-20,603899,33.34,33.39,34.07,32.81,16379.0,54743456.0,39.18,37.80,
2016-01-19,603899,32.16,33.35,33.5,31.6,21309.0,70111240.0,39.27,37.88,
2016-01-18,603899,31.0,32.16,32.8,31.0,16120.0,51788064.0,39.36,37.98,
2016-01-15,603899,33.66,31.75,33.66,31.5,25227.0,82141064.0,39.47,38.06,
2016-01-14,603899,31.5,33.74,34.34,31.03,28718.0,93575152.0,39.54,38.14,
2016-01-13,603899,36.0,33.13,36.48,33.01,34510.0,119834128.0,39.56,38.20,
2016-01-12,603899,40.09,35.98,40.55,35.94,49604.0,185588928.0,39.64,38.29,
2016-01-11,603899,41.0,39.93,43.48,39.8,51135.0,213653808.0,39.68,38.33,
2016-01-08,603899,40.23,41.98,42.59,36.91,50837.0,204766512.0,39.63,38.34,
2016-01-07,603899,42.0,38.86,42.17,38.86,12859.0,51676840.0,39.54,38.38,
2016-01-06,603899,41.63,43.18,43.56,41.2,61027.0,259509216.0,39.49,38.41,
2016-01-05,603899,38.23,42.01,42.04,37.2,61822.0,251447056.0,39.39,38.37,
2016-01-04,603899,41.5,38.23,43.16,38.02,32809.0,135529312.0,39.29,38.31,
2015-12-31,603899,40.28,42.06,42.45,40.15,52998.0,220007040.0,39.24,38.25,
2015-12-30,603899,41.0,40.55,42.08,40.1,42305.0,174298496.0,39.12,38.18,
2015-12-29,603899,37.81,40.75,40.98,37.8,52238.0,208150576.0,39.00,38.16,
2015-12-28,603899,39.02,38.12,39.37,38.05,22572.0,87672232.0,38.86,38.11,
2015-12-25,603899,38.4,38.94,39.29,38.4,15536.0,60370704.0,38.76,38.10,
2015-12-24,603899,38.57,38.37,38.97,37.8,13880.0,53208004.0,38.64,38.09,
2015-12-23,603899,39.5,38.69,39.64,38.61,22047.0,86032568.0,38.55,38.11,
2015-12-22,603899,39.65,39.38,39.8,38.93,15968.0,62672700.0,38.45,38.09,
2015-12-21,603899,38.36,39.7,39.8,38.06,31133.0,121306416.0,38.35,38.10,
2015-12-18,603899,39.2,38.42,39.48,38.01,22184.0,86001704.0,38.24,38.13,
2015-12-17,603899,38.7,39.3,39.57,38.68,27339.0,107147520.0,38.14,38.18,
2015-12-16,603899,38.14,38.69,39.37,37.82,23363.0,90250128.0,38.03,38.21,
2015-12-15,603899,37.62,37.87,38.3,37.62,14606.0,55457460.0,37.95,38.24,
2015-12-14,603899,36.95,37.97,37.99,36.7,10702.0,40043468.0,37.83,38.29,
2015-12-11,603899,36.99,36.97,37.15,36.61,9762.0,35977628.0,37.72,38.38,
2015-12-10,603899,37.08,37.0,37.15,36.71,11998.0,44372792.0,37.66,38.45,
2015-12-09,603899,37.55,36.91,37.72,36.66,17874.0,66241288.0,37.61,38.54,
2015-12-08,603899,38.5,37.65,38.5,37.51,17138.0,64802828.0,37.59,38.66,
2015-12-07,603899,38.0,38.55,38.85,37.7,21955.0,84102440.0,37.55,38.78,
2015-12-04,603899,38.21,38.07,38.68,37.73,20748.0,79296800.0,37.46,38.89,
2015-12-03,603899,37.95,38.36,38.5,37.5,32433.0,123180488.0,37.34,38.99,
2015-12-02,603899,39.3,37.67,39.31,36.66,28424.0,106996680.0,37.22,39.07,
2015-12-01,603899,38.77,39.13,39.58,38.22,20741.0,80976776.0,37.16,39.17,
2015-11-30,603899,37.72,38.48,38.73,36.08,26633.0,100757592.0,37.10,39.26,
2015-11-27,603899,41.28,37.54,41.53,37.35,33856.0,133149848.0,37.03,39.38,
2015-11-26,603899,42.05,41.5,42.21,41.21,29718.0,124027448.0,36.95,39.51,
2015-11-25,603899,42.2,41.92,42.46,41.39,33310.0,139439840.0,36.79,39.61,
2015-11-24,603899,40.59,41.98,42.01,40.2,37037.0,152847440.0,36.67,39.71,
2015-11-23,603899,40.29,40.53,41.26,39.91,26322.0,107000880.0,36.61,39.83,
2015-11-20,603899,40.49,40.44,40.66,39.9,27593.0,111258864.0,36.59,40.00,
2015-11-19,603899,39.5,40.48,40.55,39.5,18865.0,75653912.0,36.61,40.14,
2015-11-18,603899,40.6,39.6,40.9,39.51,30616.0,123035856.0,36.59,40.23,
2015-11-17,603899,41.94,40.44,42.5,40.3,43117.0,178498416.0,36.64,40.31,
2015-11-16,603899,40.4,41.4,41.5,40.11,36770.0,149956368.0,36.67,40.38,
2015-11-13,603899,43.95,41.47,43.95,40.5,53828.0,229055392.0,36.71,40.44,
2015-11-12,603899,41.83,44.44,45.6,41.61,87748.0,380031296.0,36.71,40.50,
2015-11-11,603899,40.8,41.83,42.22,40.32,67813.0,279159008.0,36.72,40.55,
2015-11-10,603899,42.54,41.09,43.85,40.25,92833.0,383490656.0,36.71,40.57,
2015-11-09,603899,43.46,42.85,44.4,41.9,26899.0,115945808.0,36.69,40.61,
2015-11-06,603899,42.28,43.46,43.88,42.28,20776.0,89572880.0,36.63,40.63,
2015-11-05,603899,42.89,42.31,43.5,41.88,28302.0,120517408.0,36.56,40.63,
2015-11-04,603899,40.98,43.42,44.5,40.32,32203.0,137766000.0,36.54,40.61,
2015-11-03,603899,39.82,41.1,41.5,38.75,30804.0,124362744.0,36.47,40.57,
2015-11-02,603899,38.31,39.46,40.6,38.31,36262.0,143807264.0,36.42,40.53,
2015-10-30,603899,40.8,41.12,42.3,39.9,42068.0,172695344.0,36.40,40.52,
2015-10-29,603899,38.3,38.94,38.99,37.84,12340.0,47367320.0,36.39,40.49,
2015-10-28,603899,39.01,38.18,39.55,37.7,18063.0,70110104.0,36.39,40.48,
2015-10-27,603899,38.0,38.79,39.0,36.68,19492.0,73962776.0,36.41,40.47,
2015-10-26,603899,39.1,38.74,39.68,38.02,24552.0,94914736.0,36.50,40.48,
2015-10-23,603899,36.07,38.7,39.8,36.01,27450.0,104595456.0,36.59,40.49,
2015-10-22,603899,34.99,36.19,36.7,34.82,17255.0,61301408.0,36.65,40.50,
2015-10-21,603899,38.2,35.02,38.55,35.0,20141.0,74118688.0,36.74,40.53,
2015-10-20,603899,38.08,37.9,38.57,37.6,23521.0,89524736.0,36.85,40.58,
2015-10-19,603899,36.74,38.17,38.19,36.01,16307.0,60435300.0,36.93,40.60,
2015-10-16,603899,36.9,36.72,37.14,36.05,11616.0,42560676.0,36.98,40.62,
2015-10-15,603899,35.66,36.69,36.76,35.66,12361.0,45135528.0,37.06,40.63,
2015-10-14,603899,36.51,36.1,37.39,35.95,14678.0,53417172.0,37.22,40.66,
2015-10-13,603899,35.84,36.85,37.2,35.78,13616.0,49944816.0,37.32,40.66,
2015-10-12,603899,34.98,36.41,36.99,34.98,17734.0,63823904.0,37.35,40.66,
2015-10-09,603899,34.52,34.97,35.2,34.36,9197.0,32054042.0,37.32,40.69,
2015-10-08,603899,34.31,34.69,35.38,34.31,13211.0,45968044.0,37.26,40.75,
2015-09-30,603899,32.1,33.4,33.56,32.04,12981.0,43014784.0,37.25,40.80,
2015-09-29,603899,31.9,32.47,33.36,31.71,14405.0,47001820.0,37.32,40.85,
2015-09-28,603899,31.7,32.0,32.45,31.3,12493.0,40021584.0,37.37,40.92,
2015-09-25,603899,33.11,32.0,33.88,31.75,11825.0,38616884.0,37.45,40.97,
2015-09-24,603899,32.9,33.11,33.34,32.66,7222.0,23865012.0,37.54,41.01,
2015-09-23,603899,33.0,32.65,33.0,32.5,6924.0,22624122.0,37.66,41.05,
2015-09-22,603899,33.38,33.11,33.58,32.79,8407.0,27942864.0,37.73,41.07,
2015-09-21,603899,31.13,33.42,33.5,31.1,14009.0,45771076.0,37.84,41.07,
2015-09-18,603899,32.18,32.28,32.88,31.99,9745.0,31519230.0,38.01,41.09,
2015-09-17,603899,33.5,32.41,33.81,32.3,18363.0,60818548.0,38.21,41.11,
2015-09-16,603899,31.44,33.87,34.1,31.01,12256.0,39668640.0,38.40,41.13,
2015-09-15,603899,31.24,31.09,31.24,30.49,10349.0,31954590.0,38.53,41.14,
2015-09-14,603899,33.99,31.24,34.0,30.6,10369.0,33368606.0,38.76,41.17,
2015-09-11,603899,34.12,33.44,34.85,33.1,9574.0,32268810.0,39.03,41.20,
2015-09-10,603899,34.99,34.12,35.29,34.1,6629.0,23030480.0,39.23,41.21,
2015-09-09,603899,34.85,35.63,36.19,34.1,17985.0,63654160.0,39.46,41.22,
2015-09-08,603899,33.0,34.84,34.88,32.77,10370.0,34992516.0,39.72,41.23,
2015-09-07,603899,31.3,33.34,33.58,31.3,17484.0,57534476.0,40.02,41.22,
2015-09-02,603899,30.01,30.76,32.75,29.68,11077.0,34478612.0,40.33,41.22,
2015-09-01,603899,34.0,31.4,34.0,30.79,10209.0,33031038.0,40.64,41.21,
2015-08-31,603899,35.3,33.79,35.3,33.76,9163.0,31677596.0,40.92,41.18,
2015-08-28,603899,34.8,35.84,36.3,34.0,19069.0,66772832.0,41.18,41.12,
2015-08-27,603899,33.5,34.08,34.17,32.05,14255.0,47802988.0,41.42,41.05,
2015-08-26,603899,32.0,32.73,34.21,32.0,15844.0,52575820.0,41.73,40.99,
2015-08-25,603899,32.0,31.85,33.97,31.21,24923.0,80243664.0,42.07,40.94,
2015-08-24,603899,37.0,34.68,37.0,34.68,22833.0,80707816.0,42.44,40.91,
2015-08-21,603899,38.89,38.53,39.96,37.55,15000.0,57934772.0,42.76,40.85,
2015-08-20,603899,41.0,39.47,41.08,39.28,13474.0,54261228.0,43.04,40.76,
2015-08-19,603899,38.2,41.75,41.89,38.0,26245.0,104076856.0,43.41,40.66,
2015-08-18,603899,42.71,39.12,44.25,38.89,31522.0,133501744.0,43.66,40.54,
2015-08-17,603899,42.3,42.68,42.99,41.61,14905.0,63119760.0,43.87,40.45,
2015-08-14,603899,44.0,42.33,44.2,42.0,18860.0,80719728.0,43.97,40.31,
2015-08-13,603899,41.37,43.48,43.54,41.37,18913.0,80454200.0,44.08,40.19,
2015-08-12,603899,43.45,41.85,44.0,41.8,29265.0,125923288.0,44.17,40.06,
2015-08-11,603899,43.0,44.51,45.35,42.01,51417.0,226619568.0,44.29,39.94,
2015-08-10,603899,41.0,41.7,42.0,40.21,25265.0,103846520.0,44.38,39.80,
2015-08-07,603899,39.08,39.73,40.31,39.08,12367.0,49190248.0,44.43,39.68,
2015-08-06,603899,38.89,38.88,39.81,38.6,10664.0,41739308.0,44.52,39.59,
2015-08-05,603899,40.79,39.81,41.69,39.55,21016.0,85128608.0,44.63,39.51,
2015-08-04,603899,38.94,41.06,41.17,38.85,27435.0,109480104.0,44.69,39.46,
2015-08-03,603899,37.5,38.9,39.0,37.0,57716.0,218148432.0,44.68,39.42,
2015-07-31,603899,37.66,38.13,38.69,37.66,24517.0,93168328.0,44.67,39.38,
2015-07-30,603899,39.0,38.43,41.48,38.0,30263.0,120983584.0,44.65,39.31,
2015-07-29,603899,39.0,40.44,40.61,37.02,34746.0,134783408.0,44.63,39.22,
2015-07-28,603899,38.2,38.82,40.48,36.0,35496.0,134732496.0,44.59,39.10,
2015-07-27,603899,42.15,39.53,42.8,39.53,34165.0,142032560.0,44.56,38.96,
2015-07-24,603899,44.6,43.92,44.9,41.37,51611.0,223483184.0,44.54,38.81,
2015-07-23,603899,42.43,44.5,45.42,41.6,50452.0,219747200.0,44.46,38.60,
2015-07-22,603899,41.0,42.43,42.8,40.8,28491.0,119275960.0,44.38,,
2015-07-21,603899,40.9,41.29,42.2,39.98,24977.0,102439112.0,44.34,,
2015-07-20,603899,42.76,41.37,42.95,40.29,42777.0,178397856.0,44.31,,
2015-07-17,603899,41.2,43.11,43.97,40.86,30774.0,130016280.0,44.32,,
2015-07-16,603899,41.71,40.86,44.0,38.07,36883.0,153089104.0,44.28,,
2015-07-15,603899,45.0,41.71,45.88,41.71,25966.0,111573872.0,44.27,,
2015-07-14,603899,42.13,46.34,46.34,40.5,67529.0,301371488.0,44.20,,
2015-07-13,603899,40.0,42.13,42.13,39.73,46058.0,189982656.0,44.09,,
2015-07-10,603899,35.9,38.3,38.3,35.9,36124.0,137266464.0,44.00,,
2015-07-09,603899,31.66,34.82,34.82,31.65,32496.0,109626160.0,43.98,,
2015-07-08,603899,30.46,31.65,33.12,30.46,110538.0,344575712.0,44.07,,
2015-07-07,603899,35.63,33.84,36.3,33.83,34553.0,118592240.0,44.24,,
2015-07-06,603899,39.07,37.59,39.07,32.11,50524.0,180404384.0,44.36,,
2015-07-03,603899,35.99,35.52,38.2,33.2,26032.0,92146448.0,44.38,,
2015-07-02,603899,38.49,36.53,39.1,35.0,24128.0,90512688.0,44.46,,
2015-07-01,603899,39.5,37.9,41.25,37.7,33377.0,132749032.0,44.49,,
2015-06-30,603899,36.6,40.06,40.38,33.1,38389.0,140077680.0,44.48,,
2015-06-29,603899,41.09,36.71,41.5,36.0,30677.0,117218960.0,44.45,,
2015-06-26,603899,42.2,40.0,42.46,39.15,33966.0,139042688.0,44.41,,
2015-06-25,603899,44.25,43.5,44.8,43.11,38329.0,167633920.0,44.31,,
2015-06-24,603899,43.82,44.49,44.53,42.8,32187.0,141612448.0,44.17,,
2015-06-23,603899,42.2,43.65,43.99,39.78,28955.0,122506264.0,44.01,,
2015-06-19,603899,44.0,41.87,46.05,40.49,33607.0,147724624.0,43.85,,
2015-06-18,603899,47.97,44.4,47.97,44.15,30535.0,140436160.0,43.74,,
2015-06-17,603899,45.75,47.63,47.7,45.22,28266.0,130466744.0,43.59,,
2015-06-16,603899,47.8,45.6,47.8,45.1,30242.0,139011552.0,43.37,,
2015-06-15,603899,50.78,48.0,50.8,47.83,33692.0,164195136.0,43.19,,
2015-06-12,603899,52.61,51.02,52.61,50.8,39420.0,202138928.0,42.97,,
2015-06-11,603899,52.0,52.61,53.83,52.0,40813.0,215432496.0,42.74,,
2015-06-10,603899,49.8,52.0,52.2,49.2,48846.0,251581584.0,42.43,,
2015-06-09,603899,48.0,49.59,49.62,47.4,37818.0,185909456.0,42.11,,
2015-06-08,603899,49.99,47.99,50.01,47.38,45771.0,221628032.0,41.78,,
2015-06-05,603899,51.1,49.54,52.0,48.7,57695.0,288917696.0,41.44,,
2015-06-04,603899,52.88,50.08,52.88,47.56,49279.0,245967984.0,41.06,,
2015-06-03,603899,53.15,52.84,54.5,52.1,41895.0,222434656.0,40.68,,
2015-06-02,603899,53.98,53.15,54.6,51.6,49866.0,264574816.0,40.25,,
2015-06-01,603899,53.45,54.15,55.49,51.0,56974.0,303660960.0,39.82,,
2015-05-29,603899,53.01,53.7,57.8,50.5,71105.0,383757824.0,39.37,,
2015-05-28,603899,62.2,55.63,67.48,55.5,83312.0,526852512.0,38.94,,
2015-05-27,603899,58.0,61.44,61.8,55.0,56726.0,334665696.0,38.47,,
2015-05-26,603899,51.75,56.72,56.79,50.5,47640.0,256192816.0,37.92,,
2015-05-25,603899,48.7,51.67,52.8,47.51,50509.0,254698016.0,37.43,,
2015-05-22,603899,49.7,48.78,50.2,46.98,42291.0,203771392.0,37.02,,
2015-05-21,603899,48.64,49.0,50.0,47.93,31003.0,151281952.0,36.65,,
2015-05-20,603899,49.35,48.65,51.28,48.12,33902.0,169018896.0,36.30,,
2015-05-19,603899,50.1,49.42,52.48,47.78,47400.0,235482656.0,35.94,,
2015-05-18,603899,43.98,49.51,49.51,43.11,49546.0,240018288.0,35.59,,
2015-05-15,603899,44.89,45.01,46.08,42.4,42258.0,186345520.0,35.22,,
2015-05-14,603899,44.83,44.93,47.16,44.3,44227.0,200909728.0,34.93,,
2015-05-13,603899,42.61,45.32,47.5,42.31,76634.0,346679168.0,34.65,,
2015-05-12,603899,40.32,43.68,44.07,39.75,63977.0,270150272.0,34.39,,
2015-05-11,603899,38.68,40.16,40.18,38.15,40795.0,161194368.0,34.22,,
2015-05-08,603899,37.2,38.81,38.85,36.54,36997.0,139679808.0,34.16,,
2015-05-07,603899,37.61,36.41,37.61,36.01,20921.0,76734344.0,34.08,,
2015-05-06,603899,37.69,37.63,38.2,37.06,20128.0,75774296.0,33.98,,
2015-05-05,603899,37.41,37.6,39.33,37.41,30111.0,115448336.0,33.81,,
2015-05-04,603899,38.05,37.43,38.5,36.61,29648.0,111094040.0,33.61,,
2015-04-30,603899,39.2,38.05,39.95,38.0,28414.0,111040672.0,33.36,,
2015-04-29,603899,39.0,39.46,39.87,38.53,21699.0,85315416.0,33.08,,
2015-04-28,603899,40.1,39.44,41.08,39.19,30288.0,121064288.0,32.74,,
2015-04-27,603899,39.85,39.99,40.48,38.7,32438.0,129233536.0,,,
2015-04-24,603899,41.2,39.85,41.35,39.55,31888.0,128613704.0,,,
2015-04-23,603899,40.56,41.5,41.58,39.62,34131.0,137636528.0,,,
2015-04-22,603899,40.99,40.66,42.45,40.52,46130.0,191777104.0,,,
2015-04-21,603899,37.3,40.39,40.66,37.3,51927.0,204442144.0,,,
2015-04-20,603899,39.0,37.78,39.5,37.73,47948.0,184697920.0,,,
2015-04-17,603899,36.71,39.58,40.15,36.7,70692.0,274233440.0,,,
2015-04-16,603899,36.49,36.7,37.9,34.8,47973.0,175635184.0,,,
2015-04-15,603899,39.0,37.36,39.02,37.11,59904.0,227733632.0,,,
2015-04-14,603899,41.45,39.9,41.45,39.5,54629.0,220590224.0,,,
2015-04-13,603899,40.93,41.7,42.18,40.0,58615.0,242833456.0,,,
2015-04-10,603899,38.89,41.03,42.67,38.3,72053.0,294513056.0,,,
2015-04-09,603899,40.0,38.88,40.0,38.26,92057.0,360488192.0,,,
2015-04-08,603899,38.8,40.52,40.56,38.01,172354.0,678214144.0,,,
2015-04-07,603899,37.0,38.53,38.78,37.0,105733.0,402002464.0,,,
2015-04-03,603899,36.81,37.31,37.5,36.56,75154.0,278926496.0,,,
2015-04-02,603899,34.29,37.77,37.77,34.17,131102.0,472956544.0,,,
2015-04-01,603899,34.14,34.34,34.47,33.8,49097.0,167644000.0,,,
2015-03-31,603899,34.9,34.06,34.9,33.65,77251.0,263652240.0,,,
2015-03-30,603899,34.68,35.2,36.3,34.21,55543.0,195701024.0,,,
2015-03-27,603899,34.43,34.68,35.43,34.41,48680.0,169930736.0,,,
2015-03-26,603899,34.86,34.62,35.48,33.8,62308.0,216658448.0,,,
2015-03-25,603899,35.3,35.19,36.0,34.3,72992.0,256276480.0,,,
2015-03-24,603899,34.66,34.97,35.5,33.5,91490.0,316918944.0,,,
2015-03-23,603899,34.59,34.7,35.1,33.85,85474.0,295402080.0,,,
2015-03-20,603899,34.8,34.61,36.0,33.99,81799.0,285153312.0,,,
2015-03-19,603899,35.9,35.16,36.0,34.11,119231.0,417683040.0,,,
2015-03-18,603899,33.65,36.92,37.59,33.02,139387.0,496292160.0,,,
2015-03-17,603899,36.0,34.17,36.16,32.9,186768.0,645418048.0,,,
2015-03-16,603899,31.75,32.87,32.87,31.68,116257.0,377715040.0,,,
2015-03-13,603899,27.13,29.88,29.88,27.13,178298.0,515915136.0,,,
2015-03-12,603899,27.05,27.16,27.3,26.75,45931.0,124126344.0,,,
2015-03-11,603899,27.5,27.07,27.63,26.91,44271.0,120840904.0,,,
2015-03-10,603899,27.2,27.29,27.46,27.01,42376.0,115611672.0,,,
2015-03-09,603899,26.8,27.18,27.36,26.52,40922.0,110581688.0,,,
2015-03-06,603899,27.17,26.94,27.41,26.85,37941.0,102581840.0,,,
2015-03-05,603899,27.7,27.26,27.81,27.15,52286.0,143312352.0,,,
2015-03-04,603899,27.56,27.77,27.83,27.28,50183.0,138456576.0,,,
2015-03-03,603899,28.0,27.6,28.05,27.51,76556.0,212033744.0,,,
2015-03-02,603899,27.28,28.36,28.46,27.12,104593.0,291184512.0,,,
2015-02-27,603899,27.39,27.28,27.39,26.92,48313.0,131282328.0,,,
2015-02-26,603899,26.76,27.27,27.49,26.72,51429.0,139801952.0,,,
2015-02-25,603899,27.56,26.76,27.56,26.69,58598.0,157902016.0,,,
2015-02-17,603899,27.66,27.47,27.88,27.39,55346.0,152583312.0,,,
2015-02-16,603899,27.95,27.59,27.95,27.26,73115.0,201848288.0,,,
2015-02-13,603899,27.61,27.86,28.15,27.6,101308.0,282258048.0,,,
2015-02-12,603899,27.7,27.5,27.94,27.22,95166.0,262436064.0,,,
2015-02-11,603899,27.56,27.78,28.4,27.01,163778.0,450458528.0,,,
2015-02-10,603899,26.89,28.12,29.51,26.89,247260.0,675991744.0,,,
2015-02-09,603899,29.88,29.88,29.88,29.88,10178.0,30411864.0,,,
2015-02-06,603899,38.0,33.2,38.0,33.2,99941.0,353040128.0,,,
2015-02-05,603899,36.89,36.89,36.89,36.89,10512.0,38780612.0,,,
2015-02-04,603899,33.54,33.54,33.54,33.54,2438.0,8178729.0,,,
2015-02-03,603899,30.49,30.49,30.49,30.49,3986.0,12153314.0,,,
2015-02-02,603899,27.72,27.72,27.72,27.72,4081.0,11312532.0,,,
2015-01-30,603899,25.2,25.2,25.2,25.2,968.0,2439360.0,,,
2015-01-29,603899,22.91,22.91,22.91,22.91,413.0,946183.0,,,
2015-01-28,603899,20.83,20.83,20.83,20.83,191.0,397853.0,,,
2015-01-27,603899,18.94,18.94,18.94,18.94,654.0,1238676.0,,,
